"Bivalvia","Calc_worm_tube","Hydrozoa","msp10_spo","msp11_spo","msp12_spo","msp15_spo","msp14_spo","msp16_spo","msp18_spo","msp19_spo","msp1_spo","msp20_spo","msp24_spo","msp2_spo","msp33_spo","msp3_spo","msp4_spo","msp5_spo","msp7_spo","msp8_spo","msp9_spo","Cirripedia","Soft_worm_tube","Miniacina_sp_.r._for","Miniacina_sp_.a._for","Miniacina_sp_.j._for","Parasmittina_margaritata_bryo","msp12_bryo","msp14_bryo","Smittoidea_cautela_bryo","Watersipora_subtorquata_bryo","Smittipora_harmeriana_bryo","Disporella_novaehollandiae_bryo","msp5_bryo","Crisia_elongata_bryo","Tubulipora_sp_bryo","Scrupocellaria_sp_bryo","Red_biofilm","Green_biofilm","Cyanobacteria","Lissoclinum_sp1_ascc","Ascidia_archaia_ascs","Lissoclinum_sp2_ascc","msp15_ascc","Botryllus_gregalis_ascc","Aplidium_sp_ascc","Polycarpa_sp_ascs","Botryllus_sp3_ascc","Botryllus_tuberatus_ascc","Eusynstyela_hartmeyeri_ascc","msp2_ascs","Botryllus_sp4_ascc","Styela_canopus_ascs","Didemnidae_sp2_ascc","Botryllus_sp5_ascc","msp5_ascs","Polysyncraton_rostrum_ascc","msp6_ascs","Didemnidae_sp3_ascc","msp9_ascc","msp9_ascs","bare_plate","sediment","Brown_upright_macroalgae","CCA","Green_encr_macroalgae","Green_upright_macroalgae","Red_upright_Macroalgae"
0,20.5128205128205,0,0,0,0,0,0,0,0,0,0,0,0,0,0,0,0,0,0,0,0,0,0,0,0,7.69230769230769,0,0,0,0,2.56410256410256,0,0,0,0,2.56410256410256,0,0,2.56410256410256,12.8205128205128,0,0,0,0,0,0,2.56410256410256,0,0,0,0,0,0,0,0,0,0,0,0,0,0,28.2051282051282,5.12820512820513,0,12.8205128205128,0,0,2.56410256410256
0,2.4390243902439,4.8780487804878,0,0,0,0,0,0,0,0,0,0,0,0,0,0,0,0,0,0,0,0,0,0,0,0,0,0,2.4390243902439,0,0,0,0,17.0731707317073,0,0,0,14.6341463414634,0,0,0,0,0,0,0,0,0,0,0,0,0,0,0,0,0,0,0,0,0,0,0,29.2682926829268,0,0,29.2682926829268,0,0,0
0,18.7492500299988,0,0,0,0,0,0,0,0,0,0,0,0,0,0,0,0,0,0,0,0,0,0,2.08391664333427,0,18.7492500299988,0,0,2.08391664333427,0,0,0,0,6.2497500099996,0,0,0,0,0,10.4165833366665,0,0,0,0,4.16683332666693,0,0,0,0,0,0,0,0,0,0,0,0,0,0,0,0,10.4165833366665,2.08391664333427,0,22.9160833566657,0,2.08391664333427,0
0,34,2,0,0,0,0,0,0,0,0,0,0,0,0,0,0,0,0,0,0,0,0,0,0,0,4,0,0,0,0,0,0,2,22,0,0,0,0,0,0,0,0,0,0,0,0,0,0,0,0,0,0,0,0,0,0,0,0,0,0,0,12,0,0,24,0,0,0
0,8.33316203827417,0,0,0,0,0,0,0,0,0,0,2.77806326954305,0,0,0,0,0,0,0,0,0,0,0,0,0,5.55509876873112,0,0,0,0,0,0,0,2.77806326954305,0,2.77806326954305,0,5.55509876873112,0,2.77806326954305,0,0,0,0,0,0,0,0,0,0,0,0,0,0,0,0,0,0,0,0,0,38.8887746921828,11.1112253078172,0,19.4443873460914,0,0,0
0,15,0,0,0,0,0,0,0,0,0,0,0,0,0,0,0,0,0,0,0,0,0,0,0,0,0,0,0,0,0,0,0,0,10,2.5,5,0,7.5,0,0,0,0,0,0,0,0,2.5,0,0,0,0,0,0,0,0,0,0,0,5,0,0,42.5,0,0,10,0,0,0
0,18.3673469387755,2.04081632653061,0,0,0,0,0,0,0,0,0,0,0,0,4.08163265306122,0,0,0,0,0,0,0,0,0,0,20.4081632653061,0,0,0,0,0,0,0,10.2040816326531,0,0,0,0,0,4.08163265306122,0,0,0,0,0,2.04081632653061,0,0,0,0,0,0,0,0,0,0,0,0,0,0,0,10.2040816326531,6.12244897959184,0,22.4489795918367,0,0,0
0,24.489755102449,2.0409795902041,0,0,0,6.12193878061219,0,0,0,0,0,0,0,0,0,0,0,0,0,0,0,0,0,0,0,4.0819591804082,0,0,0,0,0,0,0,38.7746122538775,0,0,0,2.0409795902041,0,0,0,0,0,0,0,0,0,0,0,0,0,0,0,0,0,0,0,0,2.0409795902041,0,0,0,2.0409795902041,2.0409795902041,16.3268367316327,0,0,0
0,12.8206443143007,5.12825772572026,0,0,0,0,0,0,0,0,0,0,0,0,0,0,0,0,0,0,0,0,0,0,0,0,0,0,0,0,0,0,0,2.56412886286013,2.56412886286013,0,0,2.56412886286013,0,12.8206443143007,0,0,0,0,0,0,0,0,0,0,0,0,0,0,0,0,0,0,0,0,0,30.7685207027764,7.6923865885804,0,23.0771597657412,0,0,0
0,5.71517145514365,2.85708571257138,0,0,0,0,0,0,0,0,0,0,0,0,0,0,0,0,0,0,0,0,0,0,0,0,0,0,0,0,0,0,2.85708571257138,19.9995999879996,0,0,0,11.4283428502855,2.85708571257138,0,0,0,0,0,0,0,0,0,0,0,0,0,0,2.85708571257138,0,0,0,0,0,0,0,37.1431142934288,2.85708571257138,0,11.4283428502855,0,0,0
0,12.2448979591837,6.12244897959184,0,0,0,0,0,0,0,0,0,0,0,0,0,0,0,0,0,0,0,0,0,0,0,18.3673469387755,0,0,0,0,0,0,2.04081632653061,2.04081632653061,0,0,0,10.2040816326531,0,10.2040816326531,0,0,0,0,0,2.04081632653061,0,0,0,0,0,0,0,0,0,0,0,0,0,0,0,18.3673469387755,0,0,18.3673469387755,0,0,0
0,8.51074467765967,2.12793616191514,0,0,0,0,0,0,0,0,0,0,0,0,0,0,0,0,0,0,0,0,0,0,0,12.7656170314891,0,2.12793616191514,2.12793616191514,0,0,0,2.12793616191514,48.9345319640411,0,0,0,8.51074467765967,0,2.12793616191514,0,0,0,0,0,0,0,0,0,0,0,0,0,0,0,0,0,0,0,0,0,6.38280851574453,2.12793616191514,0,2.12793616191514,0,0,0
0,18.9188108118919,5.40494595054049,0,0,0,0,0,0,0,0,0,0,0,0,0,0,0,0,0,0,0,0,2.7029729702703,0,0,0,0,0,0,0,0,0,0,0,2.7029729702703,0,0,10.8108918910811,2.7029729702703,10.8108918910811,0,0,0,0,0,2.7029729702703,0,0,0,0,0,0,0,0,0,2.7029729702703,0,0,0,0,0,16.2158378416216,5.40494595054049,0,16.2158378416216,0,0,2.7029729702703
2.703,5.405,2.703,0,0,0,0,0,0,0,0,0,0,0,0,0,0,0,0,0,0,0,0,0,0,0,0,0,0,0,0,0,0,2.703,8.108,0,2.703,0,10.811,5.405,5.405,0,0,0,0,0,0,0,0,0,0,0,0,0,0,0,0,2.703,0,0,0,0,43.243,0,0,8.108,0,0,0
0,17.7774296307901,0,0,0,0,0,0,0,0,0,0,0,0,0,0,0,0,0,0,0,0,0,2.22257036920988,2.22257036920988,0,17.7774296307901,0,0,0,0,0,0,0,0,0,0,0,6.66666666666667,0,15.5559037025432,0,0,0,0,0,0,0,0,0,0,0,0,0,0,0,0,0,0,0,0,0,13.3333333333333,0,0,24.4440962974568,0,0,0
0,24.9989791751735,2.08350347080441,0,0,4.16700694160882,0,0,0,0,4.16700694160882,0,0,0,0,0,0,0,0,0,0,0,0,0,6.24948958758677,0,4.16700694160882,0,0,0,0,0,0,2.08350347080441,2.08350347080441,0,0,0,16.6670069416088,2.08350347080441,2.08350347080441,0,0,0,0,0,0,0,0,0,0,0,0,0,0,0,0,0,0,0,0,0,2.08350347080441,4.16700694160882,0,22.9154757043691,0,0,0
0,5,12.5,0,0,0,0,0,0,0,0,0,0,0,0,0,0,0,0,0,0,0,0,0,0,0,5,0,0,0,0,0,0,0,0,0,0,0,5,0,7.5,0,0,0,0,0,0,0,0,0,0,0,0,0,0,0,0,0,0,0,0,0,25,27.5,0,7.5,0,0,5
0,7.31707317073171,0,0,0,0,0,0,0,0,0,0,0,0,0,0,0,0,0,0,0,0,0,0,0,0,0,0,0,0,0,0,0,0,21.9512195121951,0,0,0,7.31707317073171,0,2.4390243902439,0,0,0,0,0,0,0,0,0,0,0,0,0,4.8780487804878,0,0,0,0,0,0,0,39.0243902439024,0,0,17.0731707317073,0,0,0
0,37.5,0,0,0,0,0,0,0,0,0,0,0,0,0,0,0,0,0,0,0,0,0,4.16666666666667,2.08333333333333,0,2.08333333333333,0,0,0,0,0,0,0,0,0,0,0,0,0,8.33333333333333,0,0,0,0,0,0,0,0,0,0,0,0,0,0,0,0,0,0,0,0,0,6.25,14.5833333333333,0,25,0,0,0
0,30,6,0,0,0,0,0,0,0,0,0,0,0,0,0,0,0,0,0,0,0,0,0,0,0,8,0,0,0,0,0,0,0,6,0,0,0,6,4,2,0,0,0,0,0,0,0,0,0,0,0,0,0,0,0,0,0,0,0,0,0,12,0,0,26,0,0,0
0,8.10808108081081,2.7030270302703,0,0,0,0,0,0,0,0,0,0,0,0,0,0,0,0,0,0,0,0,2.7030270302703,0,0,5.4050540505405,0,0,0,0,0,0,0,0,0,2.7030270302703,0,0,0,2.7030270302703,0,0,0,0,0,2.7030270302703,0,0,0,0,0,0,0,0,0,0,0,0,0,0,0,37.8373783737837,16.2161621616216,0,18.9181891818918,0,0,0
0,5,0,0,0,0,0,0,0,0,0,0,0,0,0,0,0,0,0,0,0,0,0,0,0,0,0,0,0,0,0,0,0,0,35,0,0,0,7.5,0,5,0,0,0,0,0,0,0,0,0,0,0,0,0,2.5,0,0,0,0,2.5,0,0,32.5,0,0,10,0,0,0
0,28.2608695652174,0,0,0,0,0,0,0,0,0,0,0,0,0,0,0,0,0,0,0,0,0,0,2.17391304347826,0,6.52173913043478,0,2.17391304347826,0,0,0,0,0,2.17391304347826,0,0,0,8.69565217391304,2.17391304347826,0,0,0,0,0,0,0,0,0,0,0,0,0,0,0,0,0,0,0,0,0,0,6.52173913043478,26.0869565217391,0,15.2173913043478,0,0,0
0,22.9164965291956,2.08350347080441,0,0,0,0,0,0,0,0,0,0,0,0,0,0,0,0,0,0,0,0,0,2.08350347080441,0,12.5,0,0,0,0,0,0,0,8.33299305839118,0,0,0,14.5835034708044,4.16700694160882,0,0,0,0,0,0,0,0,0,0,0,0,0,0,0,0,0,0,0,0,0,0,14.5835034708044,0,0,18.7494895875868,0,0,0
0,12.821,17.949,0,0,0,0,0,0,0,0,0,0,0,0,0,0,0,0,0,0,0,0,0,2.564,0,0,0,0,0,0,0,0,0,0,0,0,0,2.564,5.128,2.564,0,0,0,0,0,0,0,0,0,0,0,0,0,0,0,0,0,0,0,0,0,10.256,30.769,0,15.385,0,0,0
0,0,5.555,0,0,0,0,0,0,0,0,0,0,0,0,0,0,0,0,0,0,0,0,0,0,0,2.778,0,0,0,0,0,0,0,2.778,0,2.778,0,11.111,0,0,0,0,0,0,2.778,0,2.778,0,0,0,0,0,0,0,0,0,0,0,13.889,0,0,36.111,0,0,19.444,0,0,0
0,48.936170212766,0,0,0,0,0,0,0,0,0,0,0,0,0,0,0,0,0,0,0,0,0,0,2.12765957446809,0,0,0,0,0,0,2.12765957446809,0,0,19.1489361702128,0,0,0,2.12765957446809,0,4.25531914893617,0,0,0,0,0,0,0,0,0,0,4.25531914893617,0,0,0,0,0,0,0,0,0,0,0,4.25531914893617,0,12.7659574468085,0,0,0
0,57.4476342208197,2.1273119070233,0,0,0,0,0,0,0,0,0,0,0,0,0,0,0,0,0,0,0,0,0,0,0,2.1273119070233,0,0,0,0,0,0,0,4.25564508716566,0,0,0,8.51026890121225,0,2.1273119070233,0,0,0,0,0,0,2.1273119070233,0,0,0,0,0,0,0,0,0,0,0,4.25564508716566,0,0,6.38295699418896,0,0,10.6386020813546,0,0,0
0,11.1107499972916,2.77768749932291,0,0,0,0,0,0,0,0,0,0,0,0,0,0,0,0,0,0,0,0,0,2.77768749932291,0,0,0,0,0,0,0,0,0,13.889520838073,0,0,0,0,0,11.1107499972916,0,0,0,0,0,0,0,0,0,0,0,0,0,0,0,0,0,0,0,0,0,30.5556458340104,19.4448958367188,0,8.33306249796873,0,0,0
0,12.1211212112121,0,0,0,0,0,0,0,0,0,0,0,0,0,0,0,0,0,0,0,0,0,0,0,0,0,0,0,0,0,0,0,3.030030300303,12.1211212112121,0,0,0,12.1211212112121,0,0,3.030030300303,0,0,0,0,0,0,0,0,0,0,0,0,0,0,0,0,0,3.030030300303,0,0,42.4254242542425,0,0,12.1211212112121,0,0,0
0,15.2173913043478,0,0,0,0,0,0,0,0,0,0,0,0,0,0,0,0,0,0,0,0,0,0,4.34782608695652,0,10.8695652173913,0,0,2.17391304347826,0,0,0,0,23.9130434782609,0,0,0,0,0,10.8695652173913,0,0,0,0,0,0,0,0,0,0,0,0,0,0,0,0,0,0,0,0,0,8.69565217391304,6.52173913043478,0,17.3913043478261,0,0,0
2.17424621703636,28.2600921602485,4.34747070182788,0,0,0,0,0,0,0,0,0,2.17424621703636,0,0,0,0,0,0,0,0,0,0,0,0,0,8.6959631359006,0,0,0,0,0,0,0,0,0,0,0,6.52171691886424,2.17424621703636,0,0,0,0,0,0,0,0,0,0,0,0,0,0,0,0,0,0,0,2.17424621703636,0,0,17.3909045395564,4.34747070182788,0,21.7393969736291,0,0,0
0,16.6663333266665,0,0,0,0,0,0,0,0,0,0,0,0,0,0,0,0,0,0,0,0,0,0,0,0,16.6663333266665,0,0,0,0,0,0,0,0,0,0,0,2.77805556111122,0,2.77805556111122,0,0,0,0,0,0,0,0,0,0,0,0,0,0,0,0,0,0,0,0,0,36.1117222344447,8.33316666333327,0,16.6663333266665,0,0,0
5,2.5,0,0,0,0,0,0,0,0,0,0,0,0,0,0,0,0,0,0,0,0,0,0,0,0,2.5,0,0,2.5,0,0,0,0,2.5,0,0,0,5,0,0,0,0,0,0,0,0,0,0,0,0,0,0,0,0,0,0,0,0,0,0,0,57.5,0,0,22.5,0,0,0
0,4.25531914893617,0,0,0,0,0,0,0,0,0,0,0,0,0,0,2.12765957446809,0,0,0,0,0,0,0,0,0,38.2978723404255,0,0,0,0,0,0,0,21.2765957446809,0,0,0,2.12765957446809,0,4.25531914893617,0,0,0,0,0,0,0,0,0,0,0,0,0,0,0,0,0,0,0,0,0,6.38297872340426,2.12765957446809,0,19.1489361702128,0,0,0
0,13.0435236296474,0,0,0,0,0,0,0,0,0,0,0,0,0,0,0,0,0,0,0,0,4.34818903717926,0,0,0,13.0435236296474,0,0,0,0,0,0,0,34.782381851763,0,0,0,2.17357277764444,0,0,0,0,0,0,0,0,0,0,0,0,0,0,0,0,0,0,0,0,0,0,0,13.0435236296474,2.17357277764444,0,17.3917126668267,0,0,0
0,15,2.5,0,0,0,0,0,0,0,0,0,0,0,0,0,0,0,0,0,0,0,0,2.5,0,0,7.5,0,0,0,0,0,0,0,2.5,0,0,0,0,0,2.5,0,0,0,0,0,0,0,0,0,0,0,0,0,0,0,2.5,0,0,0,0,0,22.5,12.5,0,30,0,0,0
4.5459545404546,9.09090909090909,0,0,0,0,0,0,0,0,0,0,0,0,0,0,0,0,0,0,0,0,0,0,0,0,0,0,0,2.2729772702273,0,0,0,2.2729772702273,15.9088409115909,4.5459545404546,0,0,0,2.2729772702273,0,2.2729772702273,0,0,0,0,0,0,0,0,0,0,0,0,0,0,0,0,0,0,0,0,27.2717272827272,0,0,29.5447045529545,0,0,0
0,44.6804074271,0,0,0,0,0,0,0,0,0,0,0,0,0,0,0,0,0,0,0,0,0,0,4.25567405832004,0,10.638142599485,0,0,0,0,0,0,0,4.25567405832004,0,0,0,2.12783702916002,0,0,0,0,0,0,0,0,0,0,0,0,0,0,2.12783702916002,0,0,0,0,0,0,0,0,2.12783702916002,0,0,29.7865907692949,0,0,0
0,26.0875916978848,2.17361814026776,0,0,0,0,0,0,0,0,0,0,0,0,0,0,0,0,0,0,0,0,0,0,0,15.2174139892102,0,0,2.17361814026776,0,0,0,4.34827978420344,10.8691342050067,0,0,0,2.17361814026776,0,0,0,0,0,0,0,0,0,0,0,0,0,0,0,0,0,0,0,0,0,0,0,8.69551606473897,0,0,28.2612098381526,0,0,0
5.71383265500291,2.85744489666473,0,0,0,0,0,0,0,0,0,0,0,0,0,0,0,0,0,0,0,0,0,5.71383265500291,0,0,2.85744489666473,0,0,0,0,0,0,0,0,0,0,0,0,2.85744489666473,2.85744489666473,0,0,0,0,0,0,0,0,0,0,0,0,0,0,0,0,0,0,0,0,0,28.5712775516676,25.7138326550029,0,22.8574448966647,0,0,0
2.2729772702273,22.7267727322727,0,0,0,0,0,0,0,0,0,0,0,0,0,0,0,0,0,0,0,0,0,0,2.2729772702273,0,0,0,0,0,0,0,0,0,6.81793182068179,0,2.2729772702273,0,9.09090909090909,2.2729772702273,0,0,0,0,0,0,0,0,0,0,0,0,0,0,15.9088409115909,0,0,0,0,0,0,0,24.9997500025,2.2729772702273,0,9.09090909090909,0,0,0
0,31.8186931754262,0,0,0,0,0,0,0,2.27247159410507,0,0,0,0,0,0,2.27247159410507,0,0,0,0,0,0,0,2.27247159410507,0,2.27247159410507,0,0,0,0,0,0,0,9.09090909090909,0,0,0,0,0,6.81843749680402,0,0,0,0,0,0,0,0,0,0,0,0,0,0,0,0,0,0,0,0,0,2.27247159410507,15.9093465877131,0,25.0002556786222,0,0,0
0,18.7496809889852,0,2.08352473994222,0,0,0,0,0,0,0,0,0,0,0,0,0,0,0,0,0,0,0,0,0,0,14.5836523443481,0,0,0,0,0,0,0,14.5836523443481,0,0,0,8.33307812452148,2.08352473994222,6.24955338457926,0,0,0,0,0,0,0,0,0,0,0,0,2.08352473994222,0,0,0,0,0,0,0,0,6.24955338457926,0,0,25.0002552088119,0,0,0
5.40515559207148,10.810311184143,0,0,0,0,0,0,0,0,0,0,0,0,0,0,0,0,0,0,0,0,0,0,0,0,0,0,0,0,0,2.70309130122214,0,0,0,0,2.70309130122214,0,2.70309130122214,0,2.70309130122214,0,0,0,0,0,5.40515559207148,0,0,0,0,0,0,0,0,0,0,0,0,0,0,0,18.9185580774366,21.6216493786587,0,27.0268049707302,0,0,0
2.7031190625353,5.40521110415019,0,0,0,0,0,0,0,0,0,0,0,0,0,0,0,0,0,0,0,0,0,0,0,0,0,0,0,0,0,0,0,0,16.2156333124506,0,0,0,0,0,0,0,0,0,0,0,0,0,0,0,0,0,0,0,0,0,0,0,0,0,0,0,40.5406238125071,2.7031190625353,0,32.4322936458216,0,0,0
6.25,39.5833333333333,0,0,0,0,0,0,0,0,0,0,0,0,0,0,0,0,0,0,0,0,2.08333333333333,0,4.16666666666667,2.08333333333333,4.16666666666667,0,0,0,0,0,0,0,18.75,0,0,0,2.08333333333333,0,2.08333333333333,0,0,0,0,0,0,2.08333333333333,0,0,0,0,0,0,0,0,0,0,0,0,0,0,0,0,0,16.6666666666667,0,0,0
4.65186044418667,20.9293721188364,0,0,0,0,0,0,0,0,0,0,0,0,0,0,0,0,0,0,0,0,4.65186044418667,0,2.32493025209244,0,16.2785116446507,0,0,0,0,0,0,0,4.65186044418667,0,0,0,11.6276511704649,4.65186044418667,0,0,0,0,0,0,0,0,0,0,0,0,0,0,9.30172094837155,0,0,0,0,0,0,0,4.65186044418667,0,0,16.2785116446507,0,0,0
0,9.75609756097561,0,0,0,0,0,0,0,0,0,0,0,0,0,0,0,0,0,0,0,0,0,0,0,0,9.75609756097561,0,0,0,0,0,0,0,0,0,0,0,2.4390243902439,0,2.4390243902439,0,0,0,0,0,0,0,0,0,0,0,0,0,0,0,2.4390243902439,0,0,0,0,0,31.7073170731707,7.31707317073171,0,34.1463414634146,0,0,0
0,5.55505555055551,5.55505555055551,0,0,0,0,0,0,0,0,0,0,0,0,0,0,0,0,0,0,0,0,0,0,0,0,0,0,0,0,0,0,2.7780277802778,11.1111111111111,0,0,0,0,2.7780277802778,0,0,0,0,0,16.6671666716667,0,0,0,0,2.7780277802778,0,0,0,0,0,0,0,0,0,0,0,38.8883888838888,0,0,13.8891388913889,0,0,0
0,4,18,0,0,0,0,0,0,0,0,0,0,0,0,0,0,0,0,0,0,0,0,0,0,0,22,0,0,0,0,0,0,2,0,0,0,0,2,10,0,0,0,0,0,0,0,0,0,0,0,0,0,0,0,0,0,0,0,0,0,0,20,0,0,22,0,0,0
0,0,21.276,0,0,0,0,0,0,0,0,0,0,0,0,0,0,0,0,0,0,0,0,0,0,0,8.51,0,0,0,0,0,0,2.128,0,0,0,0,0,2.128,0,0,0,0,0,14.894,0,0,0,0,0,0,0,0,0,0,0,0,0,0,0,0,27.66,0,0,23.404,0,0,0
0,0,2.7780277802778,0,0,0,0,0,0,0,0,0,0,0,0,0,0,0,0,0,0,0,0,0,0,0,2.7780277802778,0,0,0,0,0,0,2.7780277802778,0,2.7780277802778,0,0,2.7780277802778,0,0,0,0,0,0,0,0,0,0,0,0,0,0,0,0,0,16.6661666616666,0,0,0,0,0,24.9992499924999,16.6661666616666,0,27.7782777827778,0,0,0
0,19.4438055619444,2.7779722202778,0,0,0,0,0,0,0,0,0,0,0,0,0,0,0,0,0,0,0,0,0,0,0,0,0,0,0,0,0,0,0,8.33291667083329,0,0,0,5.55594444055559,5.55594444055559,0,0,2.7779722202778,0,0,0,0,0,0,0,0,0,0,0,22.2217777822222,0,0,0,0,0,0,0,27.7777222227778,0,0,5.55594444055559,0,0,0
0,0,16.3268367316327,0,0,0,0,0,0,0,0,0,0,0,0,0,0,0,0,0,0,0,0,0,0,0,32.6516734832652,0,0,0,0,0,0,4.0819591804082,0,0,0,0,4.0819591804082,0,0,0,0,0,0,0,0,0,0,0,0,0,0,0,0,0,0,0,0,0,0,0,24.489755102449,2.0409795902041,0,16.3268367316327,0,0,0
0,2.041,18.367,0,0,0,0,0,0,0,0,0,0,0,0,0,0,0,0,0,0,0,0,0,0,0,10.204,0,0,0,0,0,0,0,0,0,0,0,2.041,16.327,0,0,0,0,0,0,0,0,0,18.367,0,0,0,0,0,0,0,0,0,2.041,0,0,28.571,0,0,2.041,0,0,0
0,4.7619523804762,0,0,0,0,0,0,0,0,0,0,0,0,0,0,0,0,0,0,0,0,0,4.7619523804762,2.3809761902381,0,0,0,0,0,0,0,0,2.3809761902381,0,0,0,0,0,0,0,0,0,0,0,0,0,0,0,0,0,0,0,0,0,0,4.7619523804762,0,0,0,0,0,23.809761902381,33.3326666733333,0,23.809761902381,0,0,0
0,0,5,0,0,0,0,0,0,0,0,0,0,0,0,0,0,0,0,0,0,2.5,0,0,0,0,0,0,0,0,0,0,0,0,0,0,0,0,0,5,0,0,0,0,0,0,0,0,0,0,0,0,0,0,7.5,0,0,0,0,2.5,0,0,62.5,2.5,0,12.5,0,0,0
0,2.222,20,0,0,0,0,0,0,0,0,0,0,0,0,0,0,0,0,0,0,0,0,0,0,0,22.222,0,0,0,0,0,0,2.222,0,0,0,0,8.889,2.222,0,0,0,0,0,0,0,0,0,0,0,0,0,0,0,0,0,0,0,0,0,0,6.667,6.667,0,28.889,0,0,0
0,0,20.1367578714713,0,0,0,0,0,0,0,0,0,0,0,0,0,0,0,0,0,0,0,0,0,0,0,4.02774625790601,0,0,0,0,0,0,0,0,0,0,0,2.013873128953,14.0961251936416,0,0,0,0,0,0,0,0,0,33.5481069987271,0,0,0,0,0,0,0,0,0,0,0,0,20.1367578714713,0,0,6.04063267782963,0,0,0
0,2.22235852142623,2.22235852142623,0,0,0,0,0,0,0,0,0,0,0,0,0,0,0,0,0,0,0,0,2.22235852142623,0,0,0,0,0,0,0,0,0,4.44369479882238,6.6670755642787,0,0,0,4.44369479882238,4.44369479882238,0,0,0,0,0,0,0,0,0,0,0,0,0,0,0,0,8.88943408570494,0,0,0,0,0,35.5556918547596,13.3331288845273,0,15.5565096499836,0,0,0
0,0,0,0,0,0,0,0,0,0,0,0,0,0,0,0,0,0,0,0,0,0,0,2.5640256402564,0,0,2.5640256402564,0,0,0,0,2.5640256402564,0,2.5640256402564,5.12805128051281,0,0,0,2.5640256402564,10.2561025610256,0,0,0,0,0,0,0,0,0,0,0,0,0,0,10.2561025610256,0,0,0,0,2.5640256402564,0,0,46.1544615446154,0,0,12.8211282112821,0,0,0
2.0830208302083,4.1670416704167,22.9172291722917,0,0,0,0,0,0,0,0,0,0,0,0,0,0,0,0,0,0,0,0,0,0,0,31.250312503125,0,0,0,0,0,0,2.0830208302083,2.0830208302083,2.0830208302083,0,0,0,0,0,0,0,0,0,0,0,0,0,0,0,0,0,0,0,0,0,0,0,0,0,0,12.50012500125,2.0830208302083,0,18.750187501875,0,0,0
0,0,45.8334609377393,0,0,0,0,0,0,0,0,0,0,0,0,0,0,0,0,0,0,0,0,0,0,0,8.33307812452148,0,0,0,0,0,0,2.08352473994222,0,0,0,0,4.16704947988444,6.24955338457926,0,0,0,0,0,0,0,0,0,0,0,0,0,0,0,0,0,0,0,0,0,0,25.0002552088119,0,0,8.33307812452148,0,0,0
0,5.88314014535422,11.7642214490128,0,0,0,0,0,0,0,0,0,0,0,0,0,0,0,0,0,0,0,0,0,0,0,0,0,0,0,0,0,0,0,0,2.9410553622532,0,0,5.88314014535422,0,0,0,0,0,0,0,0,0,0,0,0,0,0,0,0,0,0,0,0,0,0,0,17.647361594367,47.057915216899,0,8.82316608675959,0,0,0
0,18.1819118465248,0,0,0,0,0,0,0,0,0,0,0,0,0,0,0,0,0,0,0,0,0,0,0,0,0,0,0,0,0,0,0,0,15.151764924066,3.03014692245874,0,0,0,3.03014692245874,0,12.1216180016073,0,0,0,0,0,0,0,0,0,0,0,0,3.03014692245874,0,0,0,0,0,0,0,36.3638236930495,0,0,9.09044076737621,0,0,0
0,0,2.0409795902041,0,0,0,0,0,0,0,0,0,0,0,0,0,0,0,0,0,0,0,0,0,0,0,14.2858571414286,0,0,0,2.0409795902041,0,0,0,2.0409795902041,0,0,0,6.12193878061219,0,0,0,0,0,0,0,0,0,0,0,0,0,0,0,0,2.0409795902041,0,0,0,0,0,0,22.4487755122449,26.5307346926531,0,22.4487755122449,0,0,0
0,0,8.333,0,0,0,0,0,0,0,0,0,0,0,0,0,0,0,0,0,0,0,0,0,0,0,8.333,0,0,0,0,0,0,0,2.083,0,0,0,2.083,4.167,0,0,0,0,0,0,0,0,0,0,0,0,0,0,0,2.083,0,0,0,0,0,0,54.168,0,0,18.75,0,0,0
0,9.09090909090909,2.2729772702273,0,0,0,0,0,0,0,0,0,0,0,0,0,0,0,0,0,0,0,0,0,0,0,6.81793182068179,0,0,0,0,0,0,0,0,0,0,0,4.5459545404546,2.2729772702273,0,0,0,0,0,0,0,0,0,0,0,0,0,0,0,0,4.5459545404546,0,0,0,0,0,43.1805681943181,11.3638863611364,0,15.9088409115909,0,0,0
0,17.5,0,0,0,0,0,0,0,0,0,0,0,0,0,0,0,0,0,0,0,0,0,0,0,0,0,0,0,0,0,0,0,0,2.5,0,0,0,5,5,0,0,0,0,0,2.5,0,0,0,0,0,0,0,0,5,0,0,0,0,0,0,0,55,0,0,7.5,0,0,0
0,0,22,0,0,0,0,0,0,0,0,0,0,0,0,0,0,0,0,0,0,0,0,0,0,0,20,0,0,0,0,0,0,2,0,0,0,0,6,6,0,0,0,0,0,0,0,0,0,0,0,0,0,0,0,0,4,0,0,0,0,0,16,16,0,8,0,0,0
0,2.041,10.204,0,0,0,0,0,0,0,0,0,0,0,0,0,0,0,0,0,0,0,2.041,0,0,0,10.204,0,0,0,0,0,0,2.041,0,0,0,0,8.163,0,0,0,0,0,0,0,0,0,0,4.082,0,0,0,0,0,0,0,0,0,0,0,0,55.101,2.041,0,4.082,0,0,0
0,7.14307143071431,9.52309523095231,0,0,0,0,0,0,0,0,0,0,0,0,0,0,0,0,0,0,0,0,2.3810238102381,0,0,16.6661666616666,0,0,0,0,4.7620476204762,0,2.3810238102381,0,0,0,0,7.14307143071431,0,2.3810238102381,0,0,0,0,0,0,0,0,0,0,0,0,0,0,0,4.7620476204762,0,0,0,0,0,19.0481904819048,14.2861428614286,0,9.52309523095231,0,0,0
0,15.3846153846154,0,0,0,0,0,0,0,0,0,0,0,0,0,0,0,0,0,0,0,0,0,0,0,0,0,0,0,0,0,0,0,0,0,0,0,0,7.69230769230769,12.8205128205128,0,0,0,2.56410256410256,0,0,0,0,0,2.56410256410256,0,0,0,0,0,0,0,0,0,2.56410256410256,0,0,48.7179487179487,0,0,7.69230769230769,0,0,0
0,4.082,8.163,0,0,0,0,0,0,0,0,0,0,0,0,0,0,0,0,0,0,0,0,0,2.041,0,18.367,0,0,0,0,0,0,2.041,0,0,0,0,0,0,0,0,0,0,0,0,0,0,0,0,0,0,0,0,0,0,2.041,0,0,0,0,0,6.122,26.531,0,30.612,0,0,0
2.041,0,0,0,0,0,0,0,0,0,0,0,0,0,0,0,0,0,0,0,0,0,6.122,0,0,0,18.367,0,0,0,0,0,0,4.082,0,0,0,0,8.163,2.041,0,0,0,0,0,0,0,0,0,0,0,0,0,0,0,0,0,0,0,0,0,0,53.062,0,0,6.122,0,0,0
0,15.556,2.222,0,0,0,0,0,0,0,0,0,0,0,0,0,0,0,0,0,0,0,0,0,0,0,2.222,0,0,0,0,0,0,0,6.667,2.222,0,0,6.667,2.222,0,0,0,0,0,0,0,0,0,0,0,2.222,0,0,0,0,0,0,0,0,0,0,33.333,6.667,0,20,0,0,0
0,2.941,5.882,0,0,0,0,0,0,0,0,0,0,0,0,0,0,0,0,0,0,0,0,0,0,0,0,0,0,0,0,0,0,0,5.882,0,0,0,8.824,2.941,0,0,5.882,0,0,0,0,0,0,0,0,0,0,0,0,0,0,0,0,0,0,0,58.824,0,0,8.824,0,0,0
0,0,18.750187501875,0,0,0,0,0,0,0,0,0,0,0,0,0,0,0,0,0,0,0,0,0,0,0,14.5831458314583,0,0,0,0,0,0,0,0,0,0,0,14.5831458314583,2.0830208302083,2.0830208302083,0,0,0,0,0,0,0,0,0,0,0,0,0,0,0,0,0,0,0,0,0,22.9172291722917,8.33308333083331,0,16.6671666716667,0,0,0
0,0,2.083,0,0,0,0,0,0,0,0,0,0,0,0,0,0,0,0,0,0,0,0,0,0,0,4.167,0,0,0,0,0,0,2.083,0,0,0,0,6.25,4.167,0,0,12.5,0,0,0,0,0,0,4.167,0,0,0,0,0,0,0,0,0,0,0,0,52.083,4.167,0,8.333,0,0,0
2.5,7.5,5,0,0,0,0,0,0,0,0,0,0,0,0,0,0,0,0,0,0,0,0,0,0,0,0,0,0,0,0,0,0,0,0,0,0,0,7.5,2.5,0,0,0,0,0,0,0,0,0,0,0,0,0,2.5,0,0,0,0,0,0,0,0,17.5,22.5,0,32.5,0,0,0
0,8.33316203827417,11.1101975374622,0,0,0,0,0,0,0,0,0,0,0,0,0,0,0,0,0,0,0,0,0,0,0,0,0,0,0,0,0,0,0,16.6673518469033,0,0,0,5.55509876873112,13.8892885773603,0,2.77806326954305,0,0,0,0,0,0,0,0,0,0,0,0,0,0,0,0,0,0,0,0,27.7775493843656,0,0,13.8892885773603,0,0,0
0,2.083,0,0,0,0,0,0,0,0,0,0,0,0,0,0,0,0,0,0,0,0,0,0,2.083,0,35.417,0,0,0,0,0,0,2.083,0,0,0,0,6.25,0,0,0,0,0,0,0,0,0,0,0,0,0,0,0,0,0,0,0,0,0,0,0,22.917,6.25,0,22.917,0,0,0
2,0,8,0,0,0,0,0,0,0,0,0,0,0,0,0,0,0,0,0,0,0,0,0,0,0,12,0,0,0,0,0,0,2,0,0,0,0,8,4,0,0,0,0,0,0,0,0,0,6,0,0,0,0,0,0,0,0,0,0,0,0,36,2,0,20,0,0,0
0,2.5,5,0,0,0,0,0,0,0,0,0,0,0,0,0,0,0,0,0,0,0,0,0,0,0,0,0,0,0,0,0,0,2.5,5,0,0,0,0,2.5,2.5,0,0,0,0,0,0,0,0,0,0,0,0,0,0,0,2.5,0,0,0,0,0,35,15,0,27.5,0,0,0
0,13.0438695613044,4.3479565204348,0,0,0,0,0,0,0,0,0,0,0,0,0,0,0,0,0,0,0,0,0,0,0,0,0,0,0,0,0,0,2.1739782602174,8.69591304086959,0,2.1739782602174,0,0,8.69591304086959,0,2.1739782602174,0,0,0,0,0,0,0,4.3479565204348,0,0,0,0,2.1739782602174,0,0,0,0,2.1739782602174,0,0,26.0857391426086,2.1739782602174,0,21.7387826121739,0,0,0
2.0409795902041,2.0409795902041,6.12193878061219,0,0,0,0,0,0,0,0,0,0,0,0,0,0,0,0,0,0,0,2.0409795902041,0,0,0,18.3668163318367,0,0,0,0,0,0,4.0819591804082,0,0,0,0,4.0819591804082,0,0,4.0819591804082,0,0,0,0,0,0,0,0,0,0,0,0,0,0,2.0409795902041,0,0,0,0,0,26.5307346926531,6.12193878061219,0,22.4487755122449,0,0,0
0,0,10.4166028644637,0,0,0,0,0,0,0,0,0,0,0,0,0,0,0,0,0,0,0,4.16704947988444,0,2.08352473994222,0,10.4166028644637,0,0,0,0,0,0,2.08352473994222,27.0837799487541,0,0,0,0,6.24955338457926,0,0,0,0,0,0,0,0,0,6.24955338457926,0,0,0,0,0,0,0,0,0,0,0,0,18.7496809889852,0,0,12.5001276044059,0,0,0
2.6319736802632,7.89492105078949,0,0,0,0,0,0,0,0,0,0,0,0,0,0,0,0,0,0,0,0,2.6319736802632,0,0,0,2.6319736802632,0,0,0,0,0,0,2.6319736802632,0,0,0,0,2.6319736802632,0,0,0,0,0,0,0,0,0,0,0,0,0,0,0,0,0,0,0,0,0,0,0,23.6827631723683,15.789842101579,0,39.4726052739473,0,0,0
2.5640256402564,15.3851538515385,0,0,0,0,0,0,0,0,0,0,0,0,0,0,0,0,0,0,0,0,0,0,2.5640256402564,0,10.2561025610256,0,0,0,0,0,0,0,20.5132051320513,0,0,0,5.12805128051281,5.12805128051281,0,0,0,0,0,0,0,0,0,0,0,0,0,0,0,0,0,0,0,0,0,0,30.7693076930769,0,0,7.69207692076921,0,0,0
2,0,16,0,0,0,0,0,0,0,0,0,0,0,0,0,0,0,0,0,0,0,2,0,0,0,10,0,0,0,0,0,0,0,0,0,0,0,6,2,0,0,0,0,0,0,0,0,0,0,0,0,0,0,0,0,0,0,0,0,0,0,16,10,0,36,0,0,0
0,2.38168706643353,11.9038639558405,0,0,0,0,0,0,0,0,0,0,0,0,0,0,0,0,0,0,0,0,0,0,0,9.52331973348876,0,0,0,0,0,0,2.38168706643353,0,0,0,0,2.38168706643353,4.76223128878527,0,0,0,0,0,0,0,0,0,0,0,0,0,0,0,0,0,0,0,0,0,0,57.1422040890961,0,0,9.52331973348876,0,0,0
2.38095238095238,11.9047619047619,14.2857142857143,0,0,0,0,0,0,0,0,0,0,0,0,0,0,0,0,0,0,0,0,0,0,0,4.76190476190476,0,0,0,0,0,0,0,4.76190476190476,0,0,0,4.76190476190476,2.38095238095238,2.38095238095238,0,0,0,0,0,0,0,0,0,0,0,0,0,0,0,2.38095238095238,0,0,0,0,0,16.6666666666667,14.2857142857143,0,19.047619047619,0,0,0
2.70305406108122,10.8102162043241,8.10816216324327,0,0,0,0,0,0,0,0,0,0,0,0,0,0,0,0,0,0,0,0,2.70305406108122,0,0,0,0,0,0,0,0,0,2.70305406108122,13.5132702654053,0,0,0,5.40510810216204,8.10816216324327,0,0,0,0,0,0,0,0,0,0,0,0,0,0,0,2.70305406108122,0,0,0,0,0,0,32.4326486529731,0,0,10.8102162043241,0,0,0
0,0,10,0,0,0,0,0,0,0,0,0,0,0,0,0,0,0,0,0,0,0,0,0,2,0,18,0,0,0,0,0,0,0,0,0,0,0,10,2,4,0,0,0,0,0,0,0,0,0,0,0,0,0,0,0,0,0,0,0,0,0,24,8,0,22,0,0,0
0,4.2560425604256,14.8931489314893,0,0,0,0,0,0,0,0,0,0,0,0,0,0,0,0,0,0,0,6.38306383063831,0,0,0,6.38306383063831,0,0,0,0,0,0,2.1270212702127,0,0,0,0,4.2560425604256,2.1270212702127,0,0,0,0,0,0,0,0,0,6.38306383063831,0,0,0,0,0,0,0,0,0,0,0,0,40.4254042540425,0,0,12.7661276612766,0,0,0
13.5138648613514,2.7029729702703,16.2158378416216,0,0,0,0,0,0,0,0,0,0,0,0,0,0,0,0,0,0,0,0,2.7029729702703,0,0,5.40494595054049,0,0,0,0,0,0,0,0,0,0,0,5.40494595054049,0,8.10791892081079,0,0,0,0,0,0,0,0,0,0,0,0,0,0,0,0,0,0,0,0,0,18.9188108118919,13.5138648613514,0,13.5138648613514,0,0,0
0,7.89492105078949,18.419815801842,0,0,0,0,0,0,0,0,0,0,0,0,0,0,0,0,0,0,0,0,2.6319736802632,2.6319736802632,0,0,0,0,0,0,0,0,0,2.6319736802632,0,2.6319736802632,0,2.6319736802632,7.89492105078949,0,0,0,0,0,0,0,0,0,0,0,0,0,0,0,0,0,0,0,0,0,0,39.4726052739473,0,0,10.5258947410526,0,0,2.6319736802632
0,0,10,0,0,0,0,0,0,0,0,0,0,0,0,0,0,0,0,0,0,0,0,0,2,0,38,0,0,0,0,0,0,0,0,0,0,0,2,0,8,0,0,0,0,0,0,0,0,0,0,0,0,0,0,0,0,0,0,0,0,0,10,10,0,20,0,0,0
0,0,22.4487755122449,0,0,0,0,0,0,0,0,0,0,0,0,0,0,0,0,0,0,0,0,0,0,0,26.5307346926531,0,0,0,0,0,0,0,2.0409795902041,0,0,0,4.0819591804082,0,2.0409795902041,0,0,0,0,0,0,0,0,0,0,0,0,0,0,0,0,0,0,0,0,0,22.4487755122449,0,0,20.4077959220408,0,0,0
0,5.405,8.108,0,0,0,0,0,0,0,0,0,0,0,0,0,0,0,0,0,0,0,0,5.405,0,0,5.405,0,0,0,0,0,0,0,0,0,0,0,2.703,2.703,13.514,0,0,0,0,0,0,0,0,0,0,0,0,0,0,0,0,0,0,0,0,0,35.135,10.811,0,10.811,0,0,0
0,2.703,2.703,0,0,0,0,0,0,0,0,0,0,0,0,0,0,0,0,0,0,0,0,0,0,0,2.703,0,0,0,0,0,0,0,13.513,0,5.405,0,0,0,2.703,0,0,0,0,0,0,0,0,0,0,0,0,0,8.108,0,0,0,0,0,0,0,35.135,0,0,27.027,0,0,0
0,4.082,6.122,0,0,0,0,0,0,0,0,0,0,0,0,0,0,0,0,0,0,0,0,0,0,0,16.327,0,0,0,0,0,0,0,2.041,0,0,0,2.041,0,8.163,0,0,0,0,0,0,0,0,0,0,0,0,0,0,0,6.122,0,0,0,0,0,20.408,4.082,0,30.612,0,0,0
0,10.4168958310417,10.4168958310417,0,0,0,0,0,0,0,0,0,0,0,0,0,0,0,0,0,0,0,0,0,0,0,22.9167708322917,0,0,0,0,0,0,0,4.1669583304167,0,0,0,8.33291667083329,0,6.24993750062499,0,0,0,0,0,0,0,0,0,0,0,0,0,0,0,0,0,0,0,0,0,12.49987500125,0,0,24.9997500025,0,0,0
2.7030635404792,8.10816362161218,10.810200162266,0,0,0,0,0,0,0,0,0,0,0,0,0,0,0,0,0,0,0,0,2.7030635404792,0,0,5.40510008113299,0,0,0,0,0,0,0,0,0,0,0,0,2.7030635404792,8.10816362161218,0,0,0,0,0,0,0,0,0,0,0,0,0,0,0,2.7030635404792,0,0,0,0,0,21.6214273243574,8.10816362161218,0,27.0265274054903,0,0,0
5.26294737052629,2.6319736802632,5.26294737052629,0,0,0,0,0,0,0,0,0,0,0,0,0,0,0,0,0,0,0,0,2.6319736802632,0,0,0,0,0,0,0,0,0,2.6319736802632,10.5258947410526,2.6319736802632,0,0,7.89492105078949,5.26294737052629,2.6319736802632,0,0,0,0,0,0,0,0,0,0,0,0,0,2.6319736802632,0,0,0,0,0,2.6319736802632,0,36.8406315936841,0,0,10.5258947410526,0,0,0
0,0,2,0,0,0,0,0,0,0,0,0,0,0,0,0,0,0,0,0,0,0,0,2,0,0,40,0,0,0,0,0,0,0,2,0,2,0,2,0,20,0,0,0,0,0,0,0,0,0,0,0,0,0,0,0,0,0,0,0,0,0,10,12,0,8,0,0,0
2.1279787202128,6.38293617063829,10.6378936210638,0,0,0,0,0,0,0,0,0,0,0,0,0,0,0,0,0,0,0,0,0,0,0,19.1488085119149,0,0,0,0,0,0,2.1279787202128,2.1279787202128,0,0,0,0,0,4.2549574504255,0,0,0,0,6.38293617063829,0,0,0,0,0,0,0,0,0,0,0,0,0,0,0,0,40.4255957440426,0,0,6.38293617063829,0,0,0
0,10.8111081110811,2.7030270302703,0,0,0,0,0,0,0,5.4050540505405,0,0,0,0,0,0,0,0,0,0,0,0,0,0,0,24.3242432424324,0,0,0,0,0,0,0,2.7030270302703,0,0,0,5.4050540505405,5.4050540505405,16.2161621616216,0,0,0,0,0,0,0,0,0,0,0,0,0,0,0,0,0,0,0,0,0,2.7030270302703,18.9191891918919,0,5.4050540505405,0,0,0
2.5,5,5,0,0,0,0,0,0,0,0,0,0,0,0,0,0,0,0,0,0,0,0,0,0,0,5,0,0,0,0,0,0,2.5,12.5,0,0,0,2.5,0,2.5,0,0,0,2.5,0,0,0,0,0,0,0,0,0,10,0,0,0,0,0,0,0,37.5,0,0,12.5,0,0,0
8,8,8,0,0,0,0,0,0,0,6,0,0,0,0,0,0,0,0,0,0,0,0,0,0,0,28,0,0,0,0,0,0,0,0,0,0,0,0,2,18,0,0,0,0,0,0,0,0,0,0,0,0,0,0,0,0,0,0,0,0,0,4,6,0,12,0,0,0
2.1739782602174,6.52193478065219,0,0,0,0,0,0,0,0,4.3479565204348,0,0,0,0,0,0,0,0,0,0,0,0,0,0,0,6.52193478065219,0,0,0,0,0,0,0,0,0,4.3479565204348,0,4.3479565204348,0,0,0,0,0,0,0,0,0,0,0,0,0,0,0,0,0,0,0,0,2.1739782602174,0,0,32.6086739132609,2.1739782602174,0,34.7816521834782,0,0,0
0,24.9994843766113,15.6254511704651,0,0,0,0,0,0,0,0,0,0,0,0,0,0,0,0,0,0,0,0,0,3.12467773538208,0,3.12467773538208,0,0,0,0,0,0,0,6.25038671754151,0,0,0,0,3.12467773538208,0,0,0,0,0,0,0,0,0,0,0,0,0,0,0,0,0,0,0,0,0,0,6.25038671754151,18.7501289058472,0,18.7501289058472,0,0,0
0,21.0527894721053,15.789842101579,0,0,0,0,0,0,0,0,0,0,0,0,0,0,0,0,0,0,0,0,0,2.6319736802632,0,2.6319736802632,0,0,2.6319736802632,0,0,0,0,2.6319736802632,0,0,0,0,5.26294737052629,0,0,0,0,0,0,0,0,0,0,0,0,0,0,0,0,0,0,0,0,0,0,18.4208157918421,0,0,28.9457105428946,0,0,0
0,8,14,0,0,0,0,0,0,0,0,0,0,0,0,0,0,0,0,0,0,0,0,0,8,0,16,0,0,0,0,0,0,0,2,0,0,0,0,2,0,0,0,0,0,0,0,0,0,0,0,0,0,0,0,0,0,0,0,0,0,0,2,12,0,36,0,0,0
0,2.0409795902041,10.2038979610204,0,0,0,0,0,0,0,0,0,0,0,0,0,0,0,0,0,0,0,0,0,0,0,24.489755102449,0,0,0,0,0,0,0,18.3668163318367,0,0,0,6.12193878061219,2.0409795902041,2.0409795902041,0,0,0,0,0,0,0,0,0,0,0,0,0,0,0,0,0,0,0,0,0,16.3268367316327,2.0409795902041,0,16.3268367316327,0,0,0
0,34.8835543549443,6.97650622134905,0,0,0,0,0,0,0,0,0,0,0,0,0,0,0,0,0,0,0,0,0,6.97650622134905,0,2.32584315651604,0,0,0,0,0,0,0,0,4.65168631303209,0,0,0,0,0,0,0,0,0,0,0,0,0,0,0,0,0,0,0,0,0,0,0,0,0,0,13.9530124426981,18.6046987557302,0,11.6281925343811,0,0,0
0,15.0001500015,7.50007500075001,0,0,0,0,0,0,0,0,0,0,0,0,0,0,0,0,0,0,0,0,0,0,0,2.50002500025,0,0,0,0,2.50002500025,0,2.50002500025,12.50012500125,0,2.50002500025,0,2.50002500025,7.50007500075001,0,0,0,0,0,0,0,0,0,0,0,0,0,0,0,0,0,0,0,0,0,0,29.9992999929999,0,0,15.0001500015,0,0,0
0,4.16666666666667,0,0,0,0,0,0,0,0,0,0,0,0,0,0,0,0,0,0,0,0,0,0,16.6666666666667,0,12.5,0,0,0,0,2.08333333333333,0,0,10.4166666666667,0,0,0,0,2.08333333333333,0,0,0,0,0,0,0,0,0,0,0,0,0,0,0,0,0,0,0,0,0,0,2.08333333333333,27.0833333333333,0,18.75,0,0,4.16666666666667
0,0,2,0,0,0,0,0,0,0,0,0,0,0,0,0,0,0,0,0,0,0,2,0,6,0,26,0,0,0,0,0,0,2,32,0,0,0,4,6,0,0,0,0,0,0,0,0,0,0,0,0,0,0,0,0,0,0,0,0,0,0,8,0,0,10,0,0,2
0,27.9067209327907,2.3259767402326,0,0,0,0,0,0,0,0,0,0,0,0,0,0,0,0,0,0,0,0,0,0,0,4.65095349046509,0,0,0,0,0,0,0,9.30190698093019,0,0,0,0,2.3259767402326,2.3259767402326,0,0,0,0,0,0,0,0,0,0,0,0,0,0,0,0,0,0,0,0,0,6.97693023069769,16.2788372116279,0,27.9067209327907,0,0,0
2.63192104236873,21.0523684289471,2.63192104236873,0,0,0,0,0,0,0,0,0,0,0,0,0,0,0,0,0,0,0,2.63192104236873,0,0,0,2.63192104236873,0,0,0,0,2.63192104236873,0,0,15.7885263442097,0,0,0,2.63192104236873,2.63192104236873,0,0,0,0,0,0,0,0,0,0,0,0,0,0,0,0,0,0,0,2.63192104236873,0,0,31.5780526584202,0,0,10.5256842294731,0,0,0
0,0,2.04081632653061,0,0,0,0,0,0,0,0,0,0,0,0,0,0,0,0,0,0,0,0,0,14.2857142857143,0,18.3673469387755,0,0,0,0,0,0,2.04081632653061,10.2040816326531,0,2.04081632653061,0,0,0,2.04081632653061,0,0,0,0,0,2.04081632653061,0,0,0,0,0,0,0,0,0,0,0,0,0,0,0,4.08163265306122,16.3265306122449,0,26.530612244898,0,0,0
0,2.0409795902041,6.12193878061219,0,0,0,0,0,0,0,0,0,0,0,0,0,0,0,0,0,0,0,2.0409795902041,0,0,0,24.489755102449,0,0,0,0,0,0,0,22.4487755122449,0,0,0,0,2.0409795902041,0,0,0,0,0,2.0409795902041,0,0,0,0,0,0,0,0,0,0,0,0,0,0,0,0,24.489755102449,0,0,14.2858571414286,0,0,0
0,12.1954967321601,9.75537298449057,0,0,0,0,0,0,0,0,0,0,0,0,0,0,0,0,0,0,0,0,0,4.87819869286402,0,7.31729803929603,0,0,0,0,0,2.43909934643201,0,4.87819869286402,0,0,0,0,2.43909934643201,0,0,0,0,0,0,0,0,0,0,0,0,0,0,0,0,0,0,0,0,0,0,12.1954967321601,9.75537298449057,0,34.1463664488107,0,0,0
0,8.57108571085711,5.71405714057141,0,0,0,0,0,0,0,0,0,0,0,0,0,0,0,0,0,0,0,0,0,0,0,0,2.8570285702857,0,0,0,2.8570285702857,0,0,11.4291142911429,0,0,0,11.4291142911429,2.8570285702857,0,0,0,0,0,0,0,0,0,0,0,0,0,0,0,0,0,5.71405714057141,5.71405714057141,2.8570285702857,0,0,20.000200002,0,0,20.000200002,0,0,0
0,4,2,0,0,0,0,0,0,0,0,0,0,0,0,0,0,0,0,0,0,0,0,0,16,0,2,0,0,0,0,0,0,2,44,0,0,0,0,2,0,0,0,0,2,0,0,0,0,0,0,0,0,0,0,0,0,0,0,0,0,0,0,4,0,20,0,0,2
0,14,10,0,0,0,0,0,0,0,0,0,0,0,0,0,0,0,0,0,0,0,0,0,8,0,16,0,0,0,0,4,0,2,26,0,0,0,4,0,0,0,0,0,0,0,0,0,0,0,0,0,0,0,0,0,0,0,0,0,0,0,6,0,0,10,0,0,0
0,25.0002569505113,11.1105401099748,0,0,0,0,0,0,0,0,0,0,0,0,0,0,0,0,0,0,0,0,5.55527005498741,0,0,13.8886890384912,0,0,0,0,0,0,0,2.77814892851637,0,0,0,0,0,0,0,0,0,0,0,0,0,0,0,0,0,0,0,0,0,0,0,0,0,0,0,8.33341898350378,16.6668379670076,0,16.6668379670076,0,0,0
0,4.8780487804878,12.1951219512195,0,0,0,0,0,0,0,0,0,0,0,0,0,0,0,0,0,0,0,0,0,0,0,7.31707317073171,0,0,0,0,0,0,0,26.8292682926829,0,2.4390243902439,0,2.4390243902439,0,2.4390243902439,0,0,0,0,0,0,0,0,0,0,0,0,0,0,0,0,0,0,0,0,0,29.2682926829268,0,0,12.1951219512195,0,0,0
0,0,14.286,0,0,0,0,0,0,0,0,0,0,0,0,0,0,0,0,0,0,0,0,0,12.245,0,34.694,0,0,0,0,0,0,0,0,0,0,0,0,0,2.041,0,0,0,0,0,0,0,0,0,0,0,0,0,0,0,0,0,0,0,0,0,0,18.367,0,18.367,0,0,0
0,2,18,0,0,0,0,0,0,0,0,0,0,0,0,0,0,0,0,0,0,0,0,0,2,0,22,0,0,0,0,0,0,0,2,0,0,0,6,0,0,0,0,0,0,0,0,0,0,0,0,0,0,0,0,0,0,0,0,0,0,0,20,0,0,28,0,0,0
0,27.4992749927499,2.50002500025,0,0,0,0,0,0,0,0,0,0,0,0,0,0,0,0,0,0,0,0,2.50002500025,7.50007500075001,0,5.00005000050001,0,0,0,0,0,0,0,2.50002500025,0,0,0,0,5.00005000050001,0,0,0,0,0,0,0,0,0,0,0,0,0,0,0,0,2.50002500025,0,0,0,0,0,5.00005000050001,20.000200002,0,20.000200002,0,0,0
0,13.5139978075723,2.70258875115946,0,0,0,0,0,0,0,0,0,0,0,0,0,0,0,0,0,0,0,0,0,0,0,0,0,0,0,0,0,0,0,37.8372965680074,0,2.70258875115946,0,8.10776625347837,0,0,0,0,0,0,0,0,0,0,0,0,0,0,0,0,0,0,0,0,2.70258875115946,0,0,16.2165865587318,0,0,16.2165865587318,0,0,0
0,6.52178355402975,8.69503024358345,0,0,0,0,0,0,0,0,0,0,0,0,0,0,0,0,0,0,0,0,0,8.69503024358345,0,23.912865783881,0,0,0,0,0,0,0,4.34853686447605,0,0,0,0,0,0,0,0,0,0,0,0,0,0,0,0,0,0,0,0,0,0,0,0,0,0,0,6.52178355402975,13.0435671080595,0,28.261402648357,0,0,0
0,2.1269787302127,4.2559574404256,0,0,0,0,0,0,0,0,0,0,0,0,0,0,0,0,0,0,0,0,0,0,0,17.0218297817022,0,0,0,0,0,0,0,0,0,0,0,12.7658723412766,2.1269787302127,0,0,0,0,0,4.2559574404256,0,0,0,0,0,0,0,0,0,0,0,0,0,0,0,0,40.4245957540425,0,0,17.0218297817022,0,0,0
2.63147091424114,15.789851800156,2.63147091424114,0,0,0,0,0,0,0,0,0,0,0,0,0,0,0,0,0,0,0,0,5.26294182848229,2.63147091424114,0,0,0,0,0,0,2.63147091424114,0,0,2.63147091424114,0,0,0,0,2.63147091424114,0,0,0,0,0,0,0,0,0,0,0,0,0,0,0,0,0,0,0,0,0,0,18.4213227143971,26.3157354571206,0,18.4213227143971,0,0,0
0,7.31729803929603,0,0,0,0,0,0,0,0,0,0,0,0,0,0,0,0,0,0,0,0,0,2.43909934643201,0,0,0,0,0,0,0,0,0,4.87819869286402,2.43909934643201,0,9.75537298449057,0,4.87819869286402,0,0,0,0,0,0,0,0,0,0,0,0,0,0,0,0,0,0,0,0,7.31729803929603,0,0,43.9027638345387,0,0,17.0726710237866,0,0,0
0,4.1669583304167,0,0,0,0,0,0,0,0,0,0,0,0,0,0,0,0,0,0,0,0,0,0,6.24993750062499,2.0829791702083,12.49987500125,0,0,0,0,0,0,2.0829791702083,4.1669583304167,0,0,0,0,2.0829791702083,6.24993750062499,0,0,0,0,0,0,0,0,0,0,0,0,0,0,0,0,0,0,0,0,0,4.1669583304167,35.4166458335417,0,16.6668333316667,0,0,4.1669583304167
0,4,4,0,0,0,0,0,0,0,0,0,0,0,0,0,0,0,0,0,0,0,0,0,6,0,20,0,0,0,0,0,0,6,6,0,2,0,14,2,4,0,0,0,0,0,0,0,0,0,0,0,0,0,0,0,0,0,0,0,0,0,18,0,0,14,0,0,0
0,16.216660333371,5.40521110415019,0,0,0,0,0,0,0,0,0,0,0,0,0,0,0,0,0,0,0,0,8.10833016668549,0,0,0,0,0,0,0,0,0,0,2.7031190625353,0,0,0,0,5.40521110415019,0,0,0,0,0,0,2.7031190625353,0,0,0,0,0,0,0,0,0,0,0,0,0,0,0,5.40521110415019,35.1343856874365,0,18.9187523749859,0,0,0
8.10785171443328,27.0272264443297,2.70261723814443,0,0,0,0,0,0,0,0,0,0,0,0,0,0,0,0,0,0,0,0,0,0,0,0,0,0,0,0,0,0,8.10785171443328,21.6219919680408,0,0,0,2.70261723814443,2.70261723814443,0,0,0,0,0,0,0,0,0,0,0,0,0,0,0,0,0,2.70261723814443,0,0,0,0,13.5141402536075,0,0,10.8104689525777,0,0,0
0,4.08163265306122,2.04081632653061,0,0,0,0,0,0,0,0,0,2.04081632653061,0,0,0,0,0,0,0,0,0,0,0,8.16326530612245,0,20.4081632653061,0,0,0,0,0,0,2.04081632653061,4.08163265306122,0,2.04081632653061,0,4.08163265306122,0,0,0,0,0,0,0,0,2.04081632653061,0,0,0,0,0,0,0,0,0,0,0,0,0,0,0,20.4081632653061,0,28.5714285714286,0,0,0
0,0,14,2,0,0,0,0,0,0,0,0,0,0,0,0,0,0,0,0,0,0,0,0,42,0,0,0,0,0,0,0,0,0,0,0,0,0,2,0,0,0,0,0,0,0,0,0,0,0,0,0,0,0,0,0,0,0,0,0,0,0,14,4,0,22,0,0,0
0,2.5,32.5,0,0,0,0,0,0,0,0,0,0,0,0,0,0,0,0,0,0,0,0,0,0,0,2.5,0,0,0,0,0,0,0,0,0,0,0,2.5,5,2.5,0,0,0,0,0,0,0,0,0,0,0,0,0,0,0,0,0,0,0,0,0,22.5,17.5,0,12.5,0,0,0
0,14.286,14.286,0,0,0,0,0,0,0,0,0,0,0,0,0,0,0,0,0,0,0,0,0,0,0,2.857,0,0,0,0,0,0,0,2.857,0,2.857,0,14.286,14.286,0,0,0,0,0,0,0,0,0,0,0,0,0,0,0,0,0,0,0,0,0,0,19.999,0,0,14.286,0,0,0
0,4,16,0,0,0,0,0,0,0,0,0,0,0,0,0,0,0,0,0,0,0,0,0,2,0,44,0,0,0,0,0,0,0,0,0,0,0,0,0,6,0,0,0,0,0,0,0,0,0,0,0,0,0,0,0,0,0,0,0,0,0,2,8,0,18,0,0,0
0,8.163,20.408,0,0,0,0,0,0,0,0,0,0,0,0,0,0,0,0,0,0,0,0,0,0,0,14.286,0,0,0,0,0,0,0,24.49,0,0,0,0,0,2.041,0,0,0,0,0,0,0,0,0,0,0,0,0,0,0,0,0,0,0,0,0,24.49,0,0,6.122,0,0,0
0,10.5257894842103,7.89484210315794,0,0,0,0,0,0,0,0,0,0,0,0,0,0,0,0,0,0,0,0,0,0,0,2.63194736105278,0,0,0,0,0,0,0,0,0,2.63194736105278,0,2.63194736105278,0,2.63194736105278,0,0,0,0,0,0,0,0,0,0,2.63194736105278,0,0,0,0,0,0,0,0,0,0,23.6835263294734,13.1577368452631,0,23.6835263294734,0,0,7.89484210315794
0,6.061473844979,3.03020660981715,0,0,0,0,0,0,0,0,0,0,0,0,0,0,0,0,0,0,0,0,0,0,0,0,0,0,0,0,0,0,0,15.1520936744304,0,0,0,3.03020660981715,12.1208264392686,3.03020660981715,0,0,0,0,0,0,0,0,0,0,3.03020660981715,0,0,0,0,0,0,0,0,0,0,33.3333333333333,0,0,21.21144626872,0,0,0
0,4.2560425604256,6.38306383063831,0,0,0,0,0,0,0,0,0,0,0,0,0,0,0,0,0,0,0,0,0,2.1270212702127,0,44.6814468144681,0,0,0,0,0,0,0,6.38306383063831,0,0,0,2.1270212702127,0,0,0,0,0,0,0,0,0,0,0,0,0,0,0,0,0,2.1270212702127,0,0,0,0,4.2560425604256,0,6.38306383063831,0,19.1491914919149,0,0,2.1270212702127
0,12,4,0,0,0,0,0,0,0,0,0,0,0,0,0,0,0,0,0,0,0,0,2,4,0,14,0,0,0,0,0,0,2,16,0,0,0,2,4,2,0,0,0,0,0,0,0,0,0,0,0,0,0,0,0,0,0,0,0,0,0,18,2,0,18,0,0,0
0,10.811,16.216,0,0,0,0,0,0,0,0,0,0,0,0,0,0,0,0,0,0,0,0,2.703,0,0,5.405,0,0,0,0,0,0,0,0,0,0,0,16.216,2.703,2.703,0,0,0,0,0,0,0,0,0,0,0,0,0,0,0,2.703,0,0,0,0,0,16.216,8.108,0,8.108,0,0,8.108
0,18.1821818218182,15.1521515215152,0,0,0,0,0,0,0,0,0,0,0,0,0,0,0,0,0,0,0,0,0,0,0,3.030030300303,0,0,0,0,0,0,3.030030300303,18.1821818218182,0,0,0,0,6.06006060060601,0,3.030030300303,0,0,0,0,0,0,3.030030300303,0,0,0,0,0,0,0,0,0,0,0,0,0,21.2122121221212,0,0,9.09109091090911,0,0,0
0,4.167,0,0,0,0,0,0,0,0,0,0,0,0,0,0,0,0,0,0,0,0,0,0,2.083,0,43.75,0,0,0,0,0,0,2.083,12.5,0,0,0,0,2.083,6.25,0,0,0,0,0,4.167,0,0,0,0,0,0,0,0,0,0,0,0,0,0,0,6.25,0,0,16.667,0,0,0
0,4.0819591804082,14.2858571414286,0,0,0,0,0,0,0,0,0,0,2.0409795902041,0,0,0,0,0,0,0,0,0,0,0,0,14.2858571414286,0,0,0,0,0,0,0,40.8155918440816,0,0,0,0,2.0409795902041,0,0,0,0,0,0,0,2.0409795902041,0,0,0,0,0,0,0,0,0,0,0,0,0,0,10.2038979610204,2.0409795902041,0,8.16291837081629,0,0,0
0,0,17.5,0,0,0,0,0,0,0,0,0,0,0,0,0,0,0,0,0,0,0,0,7.5,0,0,10,0,0,0,0,0,0,0,7.5,0,0,0,10,0,0,0,0,0,0,0,0,0,0,0,0,0,0,0,0,0,0,0,0,0,0,0,20,10,0,17.5,0,0,0
0,10.5257894842103,21.052578948421,0,0,0,0,0,0,0,0,0,0,0,0,0,0,0,0,0,0,0,0,2.63194736105278,0,0,0,0,0,0,0,0,0,2.63194736105278,23.6835263294734,0,0,0,0,0,2.63194736105278,0,0,0,0,0,0,0,0,0,0,0,0,2.63194736105278,0,0,0,0,0,0,0,2.63194736105278,13.1577368452631,0,0,18.4206315873683,0,0,0
0,10.204,6.122,0,0,0,0,0,0,0,0,0,0,0,0,0,0,0,0,0,0,0,0,0,6.122,0,22.449,0,0,0,0,0,0,2.041,8.163,0,0,0,2.041,2.041,8.163,0,0,0,0,0,0,0,0,0,0,0,0,0,0,0,0,0,0,0,0,2.041,4.082,0,0,26.531,0,0,0
0,4.0819591804082,4.0819591804082,0,0,0,0,0,0,0,0,0,0,0,0,0,0,0,0,0,0,0,0,0,0,0,6.12193878061219,0,0,2.0409795902041,0,0,0,0,32.6526734732653,0,0,0,2.0409795902041,8.16291837081629,4.0819591804082,0,0,0,0,0,0,0,0,0,0,0,0,0,0,0,0,0,0,0,0,0,16.3268367316327,2.0409795902041,0,18.3668163318367,0,0,0
0,6.97686046279074,20.9295814083718,0,0,0,0,0,0,0,0,0,0,0,0,0,0,0,0,0,0,0,0,0,0,0,0,0,0,0,0,0,0,0,0,0,0,0,11.6277674446511,2.32595348093038,0,0,0,0,0,0,0,0,0,0,0,0,0,0,0,0,2.32595348093038,0,0,0,0,0,13.9537209255815,23.2555348893022,0,18.6046279074419,0,0,0
2.4390243902439,9.75609756097561,9.75609756097561,0,0,0,0,0,0,0,0,0,0,0,0,0,0,0,0,0,0,0,0,0,0,0,0,0,0,0,0,0,0,0,2.4390243902439,0,0,0,17.0731707317073,0,0,0,0,0,0,0,0,0,0,0,0,0,0,0,0,0,0,0,0,2.4390243902439,0,0,41.4634146341463,0,0,14.6341463414634,0,0,0
0,2.08350347080441,8.33299305839118,0,0,0,0,0,0,0,0,0,0,0,0,0,0,0,0,0,0,0,0,0,4.16700694160882,0,22.9164965291956,0,0,0,0,0,0,0,0,0,0,0,2.08350347080441,2.08350347080441,10.4164965291956,0,0,0,0,0,0,0,0,0,0,0,0,0,0,0,0,0,0,0,0,0,10.4164965291956,12.5,0,25,0,0,0
0,10.204,16.327,0,0,0,0,0,0,0,0,0,0,0,0,0,0,0,0,0,0,0,0,0,2.041,0,12.245,0,0,0,0,0,0,0,0,0,0,0,6.122,6.122,0,0,0,0,0,0,0,0,0,0,0,0,0,0,6.122,0,0,0,0,0,0,0,24.49,0,0,16.327,0,0,0
0,0,0,0,0,0,0,0,0,0,0,0,0,0,0,0,0,0,0,0,0,0,0,20.513,0,0,2.564,0,0,0,0,0,0,0,0,0,0,0,12.821,0,5.128,0,0,0,0,0,0,0,0,0,0,0,0,0,0,0,0,0,0,0,0,0,23.077,10.256,0,25.641,0,0,0
0,2.5,0,0,0,0,0,0,0,0,0,0,0,0,0,0,0,0,0,0,0,0,0,0,0,0,5,0,0,0,0,0,0,0,5,2.5,12.5,0,7.5,2.5,0,0,0,0,0,0,0,0,0,0,0,0,0,0,5,0,0,0,0,2.5,0,0,47.5,0,0,7.5,0,0,0
0,0,2,0,0,0,0,0,0,0,0,0,0,0,0,0,0,0,0,0,0,0,0,0,2,0,42,0,0,0,0,0,0,0,4,0,0,0,2,0,4,0,0,0,0,0,0,0,0,0,0,0,0,0,0,0,0,0,0,0,0,0,20,4,0,20,0,0,0
0,6,8,0,0,0,0,0,0,0,0,0,0,0,0,0,0,0,0,0,0,0,0,0,0,0,28,0,0,0,0,2,0,0,10,0,0,0,6,0,0,0,0,0,0,0,0,0,0,0,0,0,0,0,6,0,0,0,0,0,0,0,14,0,0,20,0,0,0
0,0,5,0,0,0,0,0,0,0,0,0,0,0,0,0,0,0,0,0,0,0,0,5,2.5,0,5,0,0,0,0,0,0,0,0,0,0,0,10,2.5,7.5,0,0,0,0,0,0,0,0,0,0,0,0,0,0,0,0,0,0,0,0,0,40,12.5,0,7.5,0,0,2.5
0,4.7619523804762,2.3809761902381,0,0,0,0,0,0,0,0,0,0,0,0,0,0,0,0,0,0,0,0,2.3809761902381,0,0,0,0,0,0,0,0,0,0,2.3809761902381,0,2.3809761902381,0,4.7619523804762,4.7619523804762,0,0,0,0,0,0,0,0,0,0,0,0,0,0,9.52390476095239,0,0,0,0,14.2858571414286,0,0,42.8565714342857,0,0,9.52390476095239,0,0,0
0,6.249,12.5,0,0,0,0,0,0,0,0,0,0,0,0,0,0,0,0,0,0,0,0,4.167,2.084,0,18.749,0,0,0,0,0,0,0,2.084,0,0,0,2.084,0,4.167,0,0,0,0,0,0,0,0,0,0,0,0,0,0,0,0,0,0,0,0,0,8.333,16.667,0,22.916,0,0,0
0,6.12206122061221,8.16308163081631,0,0,0,2.0410204102041,0,0,0,0,0,0,0,0,0,0,0,0,0,0,0,2.0410204102041,0,0,0,18.3671836718367,0,0,0,0,0,0,2.0410204102041,4.0820408204082,0,2.0410204102041,0,8.16308163081631,0,2.0410204102041,0,0,0,0,0,0,0,0,0,0,0,0,0,12.2451224512245,0,0,0,0,6.12206122061221,0,0,8.16308163081631,0,0,18.3671836718367,0,0,0
0,10.8108918910811,13.5138648613514,0,0,0,0,0,0,0,0,0,0,0,0,0,0,0,0,0,0,0,0,10.8108918910811,0,0,2.7029729702703,0,0,0,0,0,0,0,0,0,0,0,8.10791892081079,0,8.10791892081079,0,0,0,0,0,0,0,0,0,0,0,0,0,0,0,0,0,0,0,0,0,8.10791892081079,27.0267297327027,0,10.8108918910811,0,0,0
0,4.76190476190476,14.2857142857143,0,0,0,0,0,0,0,0,0,0,2.38095238095238,0,0,0,0,0,0,0,0,0,2.38095238095238,0,0,2.38095238095238,0,0,0,0,0,0,2.38095238095238,16.6666666666667,0,0,0,2.38095238095238,0,2.38095238095238,2.38095238095238,0,0,0,0,0,0,0,0,0,0,0,0,4.76190476190476,0,0,0,0,7.14285714285714,0,0,14.2857142857143,0,0,21.4285714285714,0,0,0
0,2,6,0,0,0,0,0,0,0,0,0,0,0,0,0,0,0,0,0,0,0,0,0,2,0,38,0,0,0,0,0,0,0,4,2,0,0,2,0,6,0,0,0,0,0,0,0,0,0,0,0,0,0,0,0,2,0,0,0,0,0,8,16,0,12,0,0,0
0,8.88832098134424,4.4446716074623,0,0,0,0,0,0,0,0,0,0,0,0,0,0,0,0,0,0,0,0,0,0,0,22.2223358037312,0,0,2.22233580373115,0,0,0,0,15.5563506261181,0,0,0,6.66598517761308,4.4446716074623,0,0,0,0,0,0,0,0,0,0,0,0,0,0,6.66598517761308,0,0,0,0,4.4446716074623,0,0,6.66598517761308,2.22233580373115,0,15.5563506261181,0,0,0
0,24.3242432424324,0,0,0,0,0,0,0,0,0,0,0,0,0,0,0,0,0,0,0,0,0,0,2.7030270302703,0,16.2161621616216,0,0,0,0,0,0,0,0,0,0,0,0,0,0,0,0,0,0,0,0,0,0,0,0,0,0,0,0,0,0,0,0,0,0,0,13.5131351313513,8.10808108081081,0,32.4323243232432,0,0,2.7030270302703
0,7.5,7.5,0,0,0,0,0,0,0,0,0,0,0,0,0,0,0,0,0,0,0,0,2.5,5,0,0,0,0,0,0,0,0,0,2.5,0,0,0,10,2.5,5,0,0,0,0,0,0,0,0,0,0,0,0,0,0,0,0,0,0,0,0,0,27.5,2.5,0,27.5,0,0,0
0,4.16704947988444,2.08352473994222,0,0,0,0,0,0,0,0,0,0,0,0,0,0,0,0,0,0,0,0,0,0,0,54.1655182270133,0,0,0,0,0,0,2.08352473994222,0,0,0,0,0,2.08352473994222,8.33307812452148,0,0,0,0,0,0,0,0,0,0,0,0,0,0,0,0,0,0,0,0,0,2.08352473994222,4.16704947988444,0,20.8332057289274,0,0,0
0,0,8.33291667083329,0,0,0,0,0,0,0,0,0,0,0,0,0,0,0,0,0,0,0,0,0,0,0,43.7485625143749,0,0,0,0,0,0,2.0839791602084,4.1669583304167,0,0,0,2.0839791602084,2.0839791602084,0,0,0,0,0,0,0,0,0,0,0,0,0,0,0,0,0,0,0,0,0,0,16.6668333316667,0,0,20.8327916720833,0,0,0
0,12.1951219512195,7.31707317073171,0,0,0,0,0,0,0,2.4390243902439,0,0,0,0,0,0,0,0,0,0,0,0,0,0,0,14.6341463414634,0,0,0,0,0,0,0,0,0,0,0,0,0,0,0,0,0,0,0,0,0,0,0,0,0,0,0,0,0,0,0,0,0,0,0,12.1951219512195,19.5121951219512,0,31.7073170731707,0,0,0
0,12.1951219512195,0,0,0,0,4.8780487804878,0,0,0,0,0,0,0,0,0,0,0,0,0,0,0,0,0,0,0,0,0,0,0,0,0,0,2.4390243902439,7.31707317073171,0,0,0,9.75609756097561,0,0,0,0,0,0,0,0,0,0,0,0,0,0,0,2.4390243902439,0,0,0,0,2.4390243902439,0,0,34.1463414634146,0,0,24.390243902439,0,0,0
0,2.041,0,0,0,0,0,0,0,0,0,0,0,0,0,0,0,0,0,0,0,0,0,0,10.204,0,42.857,0,0,0,0,0,0,2.041,0,0,0,0,0,0,2.041,0,0,0,0,0,0,0,0,0,0,0,0,0,0,0,0,0,0,0,0,0,6.122,10.204,0,24.49,0,0,0
0,2.0409795902041,4.0819591804082,0,0,0,0,0,0,0,0,0,0,0,0,0,0,0,0,0,0,0,0,0,2.0409795902041,0,44.8975510244898,0,0,0,0,0,0,6.12193878061219,4.0819591804082,0,0,0,0,0,0,0,0,0,0,0,0,0,0,0,0,0,0,0,0,0,0,0,0,0,0,0,16.3268367316327,0,0,18.3668163318367,0,0,2.0409795902041
0,5.26305263052631,0,0,0,0,0,0,0,0,0,0,0,0,0,0,0,0,0,0,0,0,0,0,7.89407894078941,0,13.1581315813158,0,0,0,0,0,0,0,15.790157901579,0,0,0,0,0,0,0,0,0,0,0,0,0,0,0,0,0,0,0,0,0,0,0,0,0,0,0,15.790157901579,2.6310263102631,0,36.8423684236842,0,0,2.6310263102631
0,2.7779722202778,2.7779722202778,0,0,0,0,0,0,0,0,0,0,0,0,0,0,0,0,0,0,0,0,0,0,0,0,0,0,0,0,0,0,0,19.4438055619444,0,0,0,2.7779722202778,2.7779722202778,0,0,0,0,0,2.7779722202778,0,0,0,0,2.7779722202778,0,0,0,0,0,0,0,0,8.33291667083329,0,0,27.7777222227778,0,0,27.7777222227778,0,0,0
0,0,0,0,0,0,0,0,0,0,0,0,0,0,0,0,0,0,0,0,0,0,0,0,6.383,0,55.319,0,0,0,0,0,0,0,2.128,0,0,0,0,0,0,0,0,0,0,0,0,0,0,0,0,0,0,0,0,0,0,0,0,0,0,0,6.383,6.383,0,23.404,0,0,0
0,4.08163265306122,10.2040816326531,0,0,0,0,0,0,0,0,0,0,0,0,0,0,0,0,0,0,0,0,0,0,0,28.5714285714286,0,0,0,0,0,0,4.08163265306122,18.3673469387755,0,0,0,0,0,0,0,0,0,0,0,0,0,0,0,0,0,0,0,0,0,0,0,0,0,0,0,10.2040816326531,0,0,24.4897959183673,0,0,0
2.9410553622532,23.5294723188734,8.82316608675959,0,0,0,0,0,0,0,0,0,0,0,0,0,0,0,0,0,0,0,0,0,2.9410553622532,0,2.9410553622532,0,0,0,0,0,0,0,14.7063062321138,0,0,0,0,0,0,0,0,0,0,0,0,0,0,0,0,0,0,0,0,0,0,0,0,0,0,0,17.647361594367,8.82316608675959,0,17.647361594367,0,0,0
6.66706667066671,8.88908889088891,2.2220222202222,0,0,0,0,0,0,0,0,0,0,0,0,0,0,0,0,0,0,0,0,2.2220222202222,0,0,0,2.2220222202222,0,0,0,0,0,0,17.7781777817778,0,2.2220222202222,0,6.66706667066671,2.2220222202222,0,0,0,0,0,0,0,0,0,0,2.2220222202222,0,0,0,2.2220222202222,0,0,0,0,4.4440444404444,0,0,22.2222222222222,0,0,17.7781777817778,0,0,0
0,0,0,0,0,0,0,0,0,0,0,0,0,0,0,0,0,0,0,0,0,0,0,0,8.33308333083331,0,20.8332083320833,0,0,0,0,0,0,2.0830208302083,2.0830208302083,0,0,0,0,0,4.1670416704167,0,0,0,0,0,0,0,0,0,0,0,0,0,0,0,0,0,0,0,0,0,4.1670416704167,22.9172291722917,0,33.3333333333333,0,0,2.0830208302083
4,2,8,0,0,0,0,0,0,0,0,0,0,0,0,0,0,0,0,0,0,0,0,0,6,0,14,0,0,0,0,0,0,4,16,0,0,0,4,4,0,0,0,0,0,0,0,0,0,0,0,0,0,0,0,0,0,0,0,0,0,0,20,0,0,16,0,0,2
0,18.4213227143971,0,0,0,0,0,0,0,0,0,0,0,0,0,0,0,0,0,0,0,0,0,0,0,0,0,0,0,0,0,0,0,0,0,0,0,0,0,0,5.26294182848229,0,0,0,0,0,0,0,0,0,0,0,0,0,0,0,0,0,0,0,0,0,15.789851800156,28.9472063713617,0,31.5786772856029,0,0,0
0,5.26294737052629,2.6319736802632,0,0,0,0,0,0,0,0,2.6319736802632,0,0,0,0,5.26294737052629,0,0,0,0,0,0,0,0,0,0,0,0,0,0,0,0,0,0,0,0,0,7.89492105078949,0,15.789842101579,0,0,0,0,0,0,0,0,0,0,0,0,0,0,0,0,0,0,0,0,0,23.6837631623684,0,0,36.8416315836842,0,0,0
0,4.16700694160882,0,0,0,0,0,0,0,0,0,0,0,0,8.33299305839118,0,6.24948958758677,0,0,0,0,0,0,0,0,2.08350347080441,0,0,0,0,0,0,0,0,0,0,0,0,0,0,8.33299305839118,0,0,0,0,0,0,0,0,0,0,0,0,0,0,0,0,0,0,0,0,0,4.16700694160882,39.5835034708044,2.08350347080441,25,0,0,0
2.2729772702273,2.2729772702273,6.81793182068179,0,0,0,0,0,0,0,0,0,0,0,0,0,0,0,0,0,0,0,0,0,4.5459545404546,0,15.9088409115909,0,0,0,0,0,0,0,2.2729772702273,0,0,0,6.81793182068179,0,0,0,0,0,0,0,0,0,0,0,0,0,0,0,0,0,0,0,0,0,0,0,13.6358636413636,2.2729772702273,0,43.1815681843182,0,0,0
0,19.5121951219512,4.8780487804878,0,0,0,0,0,0,0,0,0,0,0,0,0,2.4390243902439,0,0,0,0,0,0,2.4390243902439,0,0,0,0,0,0,0,0,0,0,0,0,0,0,2.4390243902439,4.8780487804878,7.31707317073171,0,0,0,0,0,4.8780487804878,0,0,0,0,0,0,0,0,0,0,0,0,0,0,0,4.8780487804878,26.8292682926829,0,19.5121951219512,0,0,0
7.692,12.821,5.128,0,0,0,0,0,0,0,0,0,0,0,0,0,0,10.256,0,0,0,0,0,0,0,0,0,0,0,0,0,0,0,0,0,0,0,0,2.564,0,5.128,0,0,0,0,0,0,0,0,0,12.821,0,0,0,0,0,0,0,0,0,0,0,17.949,2.564,0,20.513,2.564,0,0
0,6.12193878061219,2.0409795902041,0,0,4.0819591804082,0,0,0,0,0,0,0,0,0,0,0,0,4.0819591804082,0,0,0,0,0,4.0819591804082,0,2.0409795902041,0,2.0409795902041,0,0,0,0,0,2.0409795902041,0,0,0,4.0819591804082,4.0819591804082,8.16291837081629,0,0,0,0,0,0,0,0,0,0,0,0,0,0,0,0,0,0,0,0,0,8.16291837081629,26.529734702653,0,22.4487755122449,0,0,0
0,12.2447551048979,14.2857142857143,0,0,0,0,0,0,0,0,0,0,0,0,0,0,0,0,0,0,0,0,0,4.08191836163277,0,4.08191836163277,2.04095918081638,0,0,0,0,0,2.04095918081638,2.04095918081638,0,0,0,18.3666326673467,2.04095918081638,2.04095918081638,0,0,0,0,0,0,0,0,0,0,0,0,0,0,0,0,0,0,0,0,0,12.2447551048979,0,0,24.4895102097958,0,0,0
0,14.2858571414286,5.71494285057149,0,0,0,0,5.71494285057149,0,0,0,0,0,0,0,0,0,0,0,0,0,0,0,0,0,0,0,0,0,0,0,0,0,0,0,0,0,0,0,0,14.2858571414286,0,0,0,0,0,5.71494285057149,0,0,0,0,0,0,0,0,0,0,0,0,0,0,0,2.8569714302857,31.4276857231428,0,19.9988000119999,0,0,0
9.08990910090899,6.06093939060609,3.0309696903031,0,0,0,0,0,0,0,0,0,0,0,0,0,0,0,0,0,0,0,0,0,3.0309696903031,0,0,0,0,0,0,0,0,0,9.08990910090899,0,0,0,0,6.06093939060609,0,0,0,0,0,0,0,0,0,0,0,0,0,0,0,0,0,0,0,0,0,0,30.3026969730303,3.0309696903031,0,30.3026969730303,0,0,0
0,16.3266734665307,4.08191836163277,0,0,0,0,0,0,0,0,0,0,0,0,0,0,0,0,2.04095918081638,2.04095918081638,0,0,0,0,0,0,0,0,0,0,0,0,0,0,0,0,0,0,2.04095918081638,6.12187756244875,0,0,0,10.2037959240815,0,0,0,0,0,0,0,0,0,0,0,0,0,0,0,0,0,0,38.7752244955101,2.04095918081638,14.2857142857143,0,0,2.04095918081638
2.08306249187476,10.4163124893747,4.16712501375041,0,0,0,0,0,0,0,0,0,0,0,0,0,0,0,0,0,0,6.24918747562427,0,0,2.08306249187476,0,4.16712501375041,0,0,0,0,0,0,4.16712501375041,6.24918747562427,0,2.08306249187476,0,16.6675000250008,2.08306249187476,2.08306249187476,0,0,0,0,0,0,0,0,0,0,0,0,0,0,0,0,0,0,0,0,0,8.33324999749992,4.16712501375041,0,25.0007500225007,0,0,0
0,29.7305069427327,2.70211979295046,0,0,0,0,0,0,0,0,0,0,0,0,0,0,0,0,0,0,0,0,0,0,0,0,0,0,0,0,0,0,0,0,0,0,0,5.40526661736916,5.40526661736916,5.40526661736916,0,0,0,0,0,0,0,0,0,0,0,0,0,0,0,0,0,0,0,0,0,16.2168268835757,8.10738641031961,0,27.027360118314,0,0,0
2.7029729702703,10.8108918910811,5.40494595054049,2.7029729702703,0,0,0,0,0,0,0,0,0,0,0,0,0,0,0,0,0,0,0,0,2.7029729702703,0,2.7029729702703,0,0,2.7029729702703,0,0,0,0,0,0,0,0,5.40494595054049,0,0,0,0,0,0,0,0,2.7029729702703,0,0,0,0,2.7029729702703,0,0,0,0,0,0,0,0,0,27.0267297327027,5.40494595054049,0,27.0267297327027,0,0,0
2.0830208302083,12.50012500125,0,0,0,0,0,0,0,0,0,0,0,0,0,0,6.25006250062501,0,0,2.0830208302083,0,0,0,2.0830208302083,4.1670416704167,0,4.1670416704167,0,0,0,0,0,0,0,6.25006250062501,0,0,0,0,0,2.0830208302083,0,0,0,0,0,0,0,0,0,0,0,0,0,0,0,0,0,0,0,0,0,6.25006250062501,12.50012500125,0,39.5833958339583,0,0,0
6.66693333066669,17.7778222217778,4.4449555504445,0,15.5548444515555,0,0,0,0,0,0,0,0,0,0,0,0,0,0,0,0,0,0,0,2.2219777802222,0,0,0,0,0,0,4.4449555504445,0,0,2.2219777802222,0,0,0,6.66693333066669,8.88891111088889,2.2219777802222,0,0,0,0,0,0,0,0,0,0,0,0,0,0,0,0,0,0,0,0,0,2.2219777802222,4.4449555504445,0,22.2217777822222,0,0,0
0,6.25032226129461,0,0,0,0,0,0,0,0,0,0,0,0,0,0,3.12567674871869,0,0,0,0,0,0,0,0,0,0,0,0,0,0,0,0,0,0,0,0,0,9.37496777387054,0,3.12567674871869,0,0,0,0,0,0,0,0,0,0,0,0,0,0,0,0,0,0,0,0,0,12.4996132864465,40.6245166080581,0,24.9992265728929,0,0,0
0,17.5,0,2.5,0,0,5,0,0,0,0,0,0,0,0,0,0,0,0,0,0,0,0,0,0,0,0,0,0,5,0,0,0,0,15,0,0,0,12.5,0,0,0,0,0,0,0,0,0,0,0,0,0,0,0,0,0,0,0,0,0,0,0,7.5,2.5,0,32.5,0,0,0
0,2.128,0,0,0,0,0,0,0,0,0,0,0,0,0,0,0,0,0,0,0,0,0,0,17.021,4.255,0,0,0,0,0,0,0,0,10.638,0,0,0,0,2.128,6.383,0,0,0,0,0,0,0,0,0,0,0,0,0,0,0,0,0,0,0,0,0,2.128,19.149,0,36.17,0,0,0
2.0409795902041,16.3268367316327,2.0409795902041,0,0,0,0,0,0,0,0,0,0,0,0,0,0,0,0,0,0,0,0,0,0,0,6.12193878061219,2.0409795902041,0,0,0,0,0,0,12.2448775512245,0,0,0,12.2448775512245,2.0409795902041,0,0,0,0,0,0,0,0,0,0,0,0,0,0,0,0,0,0,0,0,0,0,14.2858571414286,0,0,30.6116938830612,0,0,0
0,22.222,0,0,0,0,0,0,0,0,0,0,0,0,0,0,0,0,0,0,2.778,0,0,0,2.778,0,0,0,0,0,0,0,0,0,0,0,0,0,2.778,0,0,0,0,0,0,0,0,0,0,0,0,0,0,0,0,0,0,0,0,0,0,0,8.334,30.555,0,30.555,0,0,0
0,7.5,2.5,0,0,10,10,2.5,0,0,0,0,0,0,0,0,0,0,0,0,0,0,0,0,0,0,0,0,0,0,0,0,0,0,5,0,0,0,10,2.5,2.5,0,0,0,0,0,0,0,0,0,0,0,0,0,0,0,0,0,0,0,0,0,22.5,0,0,25,0,0,0
2.1739782602174,6.52193478065219,0,0,0,0,0,0,0,0,0,0,0,0,0,0,4.3479565204348,0,0,0,0,0,0,0,19.5648043519565,0,2.1739782602174,0,0,0,0,0,0,0,0,0,0,0,4.3479565204348,4.3479565204348,2.1739782602174,0,0,0,0,0,0,0,0,0,0,0,0,0,0,0,0,0,0,0,0,0,4.3479565204348,21.7387826121739,0,28.2607173928261,0,0,0
0,10.2038979610204,8.16291837081629,0,0,0,0,0,0,0,0,0,0,0,0,0,0,0,0,0,2.0409795902041,0,0,0,8.16291837081629,0,10.2038979610204,0,0,0,0,0,0,2.0409795902041,22.4487755122449,0,0,0,4.0819591804082,4.0819591804082,0,0,0,0,0,0,0,0,0,0,0,0,0,0,0,0,0,0,0,0,0,0,12.2448775512245,0,0,16.3268367316327,0,0,0
0,13.889,0,0,0,0,0,0,0,0,0,0,0,0,0,0,0,0,0,0,0,0,0,8.334,0,0,0,0,0,0,0,0,0,0,2.778,0,0,0,0,2.778,2.778,0,0,0,0,0,0,2.778,0,0,0,0,0,0,0,0,0,0,0,0,0,0,11.111,30.555,0,24.999,0,0,0
0,5.55511110222204,2.77805556111122,0,0,0,5.55511110222204,0,0,0,0,0,0,0,0,0,0,0,0,0,0,0,0,0,2.77805556111122,0,0,0,0,0,0,0,0,0,0,0,0,0,5.55511110222204,5.55511110222204,0,0,0,0,0,0,0,8.33316666333327,0,0,0,0,0,0,0,0,0,0,0,0,0,0,33.3336666733335,0,0,30.5566111322226,0,0,0
0,13.0441304413044,0,0,0,0,10.8691086910869,0,0,0,0,0,0,0,0,0,0,0,0,0,0,0,0,0,8.69508695086951,0,0,0,0,0,0,0,0,0,0,0,0,2.1740217402174,2.1740217402174,2.1740217402174,0,0,0,0,0,0,0,0,0,0,0,0,0,0,0,0,0,0,0,0,0,0,2.1740217402174,32.6083260832608,0,26.0872608726087,0,0,0
0,6.12206122061221,6.12206122061221,0,0,0,4.0820408204082,0,0,0,0,0,0,0,0,0,0,0,0,0,0,0,0,0,4.0820408204082,0,6.12206122061221,0,0,0,0,0,0,0,16.3271632716327,0,0,0,6.12206122061221,2.0410204102041,2.0410204102041,0,0,0,0,0,0,0,0,0,0,0,0,0,0,0,0,0,0,0,0,0,10.2041020410204,6.12206122061221,0,30.6123061230612,0,0,0
0,27.0263330868458,2.7031468244187,0,0,0,0,0,0,0,0,0,0,0,0,0,0,0,0,0,0,0,0,0,0,0,0,0,0,0,0,0,0,0,2.7031468244187,0,0,0,0,0,2.7031468244187,0,0,0,0,0,0,0,0,0,0,0,0,0,0,0,0,0,0,0,0,0,2.7031468244187,32.4315997042149,2.7031468244187,27.0263330868458,0,0,0
0,2.77814892851637,5.55527005498741,0,0,0,0,0,0,0,0,0,0,0,0,0,0,0,0,0,0,0,0,0,0,0,2.77814892851637,0,0,0,0,0,0,0,13.8886890384912,0,0,0,0,0,5.55527005498741,0,0,0,0,0,0,0,0,0,0,0,0,0,2.77814892851637,0,0,0,0,0,0,0,13.8886890384912,2.77814892851637,0,49.9994860989773,0,0,0
0,4.1670416704167,6.25006250062501,0,0,2.0830208302083,4.1670416704167,0,0,0,0,0,0,0,0,0,0,0,0,2.0830208302083,0,0,0,0,4.1670416704167,2.0830208302083,2.0830208302083,0,0,0,0,0,0,0,6.25006250062501,0,0,0,4.1670416704167,0,2.0830208302083,0,0,0,0,0,0,0,0,0,0,0,0,0,0,0,0,0,0,0,0,0,12.50012500125,20.8332083320833,0,27.0832708327083,0,0,0
0,4.167,10.417,0,8.333,0,0,0,0,0,0,0,0,0,0,0,0,0,0,0,0,0,0,0,0,0,8.333,0,0,0,0,0,0,0,16.667,0,0,0,0,2.083,4.167,0,0,0,0,0,0,0,0,0,0,0,0,0,0,0,0,0,0,0,0,0,16.667,2.083,0,27.083,0,0,0
0,21.2132121321213,6.06006060060601,0,0,0,0,0,0,0,0,0,0,0,0,0,0,0,0,0,0,0,0,3.030030300303,6.06006060060601,0,0,0,0,0,0,0,0,0,0,0,0,0,0,0,0,0,0,0,0,0,0,0,0,0,0,0,0,0,0,0,0,0,0,0,0,0,3.030030300303,30.3033030330303,0,30.3033030330303,0,0,0
0,5.88305883058831,8.82308823088231,0,0,0,0,0,0,0,0,0,0,0,0,0,0,0,0,0,0,0,0,0,2.9410294102941,0,0,0,0,0,0,0,0,0,17.6471764717647,0,0,0,11.7641176411764,2.9410294102941,2.9410294102941,0,0,0,0,0,0,0,0,0,0,0,0,0,0,0,0,0,0,0,0,0,14.7061470614706,0,0,32.3533235332353,0,0,0
0,6.81850723066539,0,0,0,11.3634969011434,0,0,0,0,0,0,0,0,0,0,0,0,0,0,0,0,0,0,2.27249483523901,0,0,0,0,0,0,0,0,0,0,0,0,0,2.27249483523901,0,2.27249483523901,0,0,0,0,0,0,0,0,0,0,0,0,0,0,0,0,0,0,0,0,0,2.27249483523901,36.3640082636176,0,36.3640082636176,0,0,0
0,4.082,6.122,0,0,0,0,0,0,0,0,0,0,0,0,0,2.041,0,0,0,0,0,0,0,6.122,4.082,0,0,0,0,0,0,0,2.041,2.041,0,0,0,6.122,6.122,0,0,0,0,0,0,0,0,0,0,0,0,0,0,0,0,0,0,0,0,0,0,10.204,12.245,0,38.776,0,0,0
0,33.3323333533329,2.77794444111118,0,0,0,0,0,2.77794444111118,0,0,0,0,0,0,0,0,0,0,0,0,0,0,2.77794444111118,0,0,0,0,0,0,0,0,0,0,0,0,0,0,0,2.77794444111118,0,0,0,0,0,0,0,0,0,0,0,0,0,0,0,0,0,0,0,0,0,0,2.77794444111118,36.1102777944441,2.77794444111118,13.8897222055559,0,0,0
0,12.50012500125,7.50007500075001,0,0,0,2.50002500025,0,0,0,0,0,0,0,0,0,2.50002500025,0,0,0,0,0,0,0,2.50002500025,0,0,0,0,0,0,0,0,0,7.50007500075001,0,0,0,7.50007500075001,5.00005000050001,2.50002500025,0,0,0,0,0,0,0,0,0,0,0,0,0,0,0,0,0,0,0,0,0,32.4993249932499,2.50002500025,0,15.0001500015,0,0,0
0,0,4.16696440420167,0,0,0,2.08348220210084,0,0,0,0,0,0,0,0,0,0,0,0,0,0,0,0,0,2.08348220210084,0,2.08348220210084,0,0,0,0,0,0,0,0,0,0,0,4.16696440420167,4.16696440420167,0,0,0,0,0,0,4.16696440420167,0,0,0,0,0,0,0,0,0,0,0,0,0,0,0,37.4996171945979,18.7492981900961,0,20.8327803921969,0,0,0
0,4.167,8.333,0,0,0,0,0,0,0,0,0,0,0,0,0,0,0,0,0,0,0,0,0,12.5,4.167,0,0,0,0,0,2.084,0,0,4.167,0,0,0,2.084,6.249,0,0,0,0,0,0,0,0,0,0,0,0,0,0,0,0,0,0,0,0,0,0,25,8.333,0,22.916,0,0,0
0,9.30190698093019,2.3259767402326,0,0,0,0,0,0,0,0,0,0,0,0,0,0,0,0,0,0,0,0,0,2.3259767402326,2.3259767402326,0,0,0,0,0,0,0,2.3259767402326,2.3259767402326,0,0,0,2.3259767402326,2.3259767402326,2.3259767402326,0,0,0,0,0,9.30190698093019,0,0,0,0,2.3259767402326,0,0,0,0,0,0,0,0,0,0,4.6509534904651,37.2076279237208,0,18.6038139618604,0,0,0
7.89492105078949,7.89492105078949,10.5258947410526,0,0,0,0,0,0,0,0,0,0,0,0,0,0,0,0,0,0,0,0,0,0,0,0,0,0,0,0,0,0,0,2.6319736802632,0,0,0,5.26294737052629,2.6319736802632,2.6319736802632,0,0,0,0,0,0,7.89492105078949,0,0,0,0,0,0,2.6319736802632,0,0,0,0,0,0,0,15.7888421115789,0,0,34.209657903421,0,0,0
0,4.08191836163277,4.08191836163277,0,0,2.04095918081638,0,0,0,0,0,0,0,0,0,0,0,0,0,0,0,0,0,2.04095918081638,10.2037959240815,0,0,0,0,0,0,2.04095918081638,0,0,2.04095918081638,0,2.04095918081638,0,0,4.08191836163277,0,0,0,0,0,0,2.04095918081638,0,0,0,0,0,0,6.12187756244875,0,0,0,0,0,0,0,0,2.04095918081638,34.6933061338773,2.04095918081638,20.407591848163,0,0,0
0,18,2,0,0,0,0,0,0,0,0,0,0,0,0,0,0,0,0,0,0,0,0,0,12,2,0,0,0,0,0,0,0,2,12,0,0,0,4,0,2,0,0,0,0,0,0,0,0,0,0,0,0,0,0,0,0,0,0,0,0,0,8,12,0,26,0,0,0
2.7029729702703,10.8108918910811,10.8108918910811,0,0,0,0,0,0,0,0,0,0,0,0,0,0,0,0,0,2.7029729702703,0,0,13.5138648613514,5.40494595054049,2.7029729702703,0,0,0,0,0,0,0,0,0,0,0,0,0,0,0,0,0,0,0,0,2.7029729702703,0,0,0,0,0,0,0,0,0,0,0,0,0,0,0,8.10791892081079,16.2158378416216,0,24.3237567624324,0,0,0
2.5,2.5,7.5,0,0,0,0,0,0,0,0,0,0,0,0,0,0,0,0,0,0,0,0,12.5,2.5,0,0,0,0,0,0,0,0,0,2.5,0,0,0,10,5,0,0,0,0,0,0,0,0,0,0,0,0,0,0,0,2.5,0,7.5,0,0,0,0,7.5,0,0,37.5,0,0,0
0,2.1732466895537,2.1732466895537,0,0,2.1732466895537,0,0,0,0,0,0,0,0,0,0,2.1732466895537,0,0,0,0,0,0,0,17.3921039725356,0,0,0,0,0,0,0,0,0,0,0,0,0,4.34853686447605,4.34853686447605,0,0,0,0,0,0,0,0,0,0,0,0,0,0,0,0,0,0,0,0,0,0,0,30.4356710805951,0,34.7821644597025,0,0,0
2,12,8,0,24,2,0,0,0,0,0,0,0,0,0,0,0,0,0,0,0,0,0,0,6,0,0,0,0,0,0,0,0,0,16,0,0,0,4,2,0,0,0,0,0,0,0,0,0,0,0,0,0,0,0,0,0,0,0,0,0,0,2,2,0,20,0,0,0
